-- -------------------------------------------------------------
-- TablePlus 3.7.1(332)
--
-- https://tableplus.com/
--
-- Database: meet
-- Generation Time: 2020-08-18 07:33:49.6590
-- -------------------------------------------------------------


/*!40101 SET @OLD_CHARACTER_SET_CLIENT=@@CHARACTER_SET_CLIENT */;
/*!40101 SET @OLD_CHARACTER_SET_RESULTS=@@CHARACTER_SET_RESULTS */;
/*!40101 SET @OLD_COLLATION_CONNECTION=@@COLLATION_CONNECTION */;
/*!40101 SET NAMES utf8 */;
/*!40014 SET @OLD_UNIQUE_CHECKS=@@UNIQUE_CHECKS, UNIQUE_CHECKS=0 */;
/*!40014 SET @OLD_FOREIGN_KEY_CHECKS=@@FOREIGN_KEY_CHECKS, FOREIGN_KEY_CHECKS=0 */;
/*!40101 SET @OLD_SQL_MODE=@@SQL_MODE, SQL_MODE='NO_AUTO_VALUE_ON_ZERO' */;
/*!40111 SET @OLD_SQL_NOTES=@@SQL_NOTES, SQL_NOTES=0 */;


CREATE TABLE `alapadat` (
  `tablajel` varchar(2) DEFAULT NULL,
  `kerdessorszam` int(11) DEFAULT NULL,
  `valassorszam` int(11) DEFAULT NULL,
  `kerdes` varchar(380) DEFAULT NULL,
  `temavallcsop` varchar(10) DEFAULT NULL,
  `vallalassorszam` varchar(7) DEFAULT NULL,
  `valaszpont` varchar(3) DEFAULT NULL
) ENGINE=InnoDB DEFAULT CHARSET=utf8;

CREATE TABLE `badges` (
  `id` int(10) unsigned NOT NULL AUTO_INCREMENT,
  `name` varchar(255) COLLATE utf8mb4_hungarian_ci NOT NULL,
  `threshold` int(11) NOT NULL,
  PRIMARY KEY (`id`),
  UNIQUE KEY `id_UNIQUE` (`id`)
) ENGINE=InnoDB AUTO_INCREMENT=4 DEFAULT CHARSET=utf8mb4 COLLATE=utf8mb4_hungarian_ci;

CREATE TABLE `commitment_categories` (
  `id` int(10) unsigned NOT NULL AUTO_INCREMENT,
  `name` varchar(255) COLLATE utf8mb4_hungarian_ci NOT NULL,
  `order` int(11) NOT NULL,
  `has_instances` tinyint(4) NOT NULL DEFAULT '0',
  `description` text COLLATE utf8mb4_hungarian_ci,
  `condition_commitment_option_id` int(10) unsigned DEFAULT NULL,
  `question_category_inst_id` int(10) unsigned DEFAULT NULL,
  `special_points` tinyint(4) NOT NULL DEFAULT '0',
  PRIMARY KEY (`id`),
  UNIQUE KEY `id_UNIQUE` (`id`),
  KEY `fk_commitment_categories_commitment_options1_idx` (`condition_commitment_option_id`),
  KEY `fk_commitment_categories_question_categories1_idx` (`question_category_inst_id`),
  CONSTRAINT `fk_commitment_categories_commitment_options1` FOREIGN KEY (`condition_commitment_option_id`) REFERENCES `commitment_options` (`id`) ON DELETE NO ACTION ON UPDATE NO ACTION,
  CONSTRAINT `fk_commitment_categories_question_categories1` FOREIGN KEY (`question_category_inst_id`) REFERENCES `question_categories` (`id`) ON DELETE NO ACTION ON UPDATE NO ACTION
) ENGINE=InnoDB AUTO_INCREMENT=13 DEFAULT CHARSET=utf8mb4 COLLATE=utf8mb4_hungarian_ci;

CREATE TABLE `commitment_category_org_types` (
  `commitment_category_id` int(10) unsigned NOT NULL,
  `org_type_id` int(10) unsigned NOT NULL,
  UNIQUE KEY `unique_pair` (`commitment_category_id`,`org_type_id`),
  KEY `fk_commitment_category_org_types_commitment_categories1_idx` (`commitment_category_id`),
  CONSTRAINT `fk_commitment_category_org_types_commitment_categories1` FOREIGN KEY (`commitment_category_id`) REFERENCES `commitment_categories` (`id`) ON DELETE NO ACTION ON UPDATE NO ACTION
) ENGINE=InnoDB DEFAULT CHARSET=utf8mb4 COLLATE=utf8mb4_hungarian_ci;

CREATE TABLE `commitment_options` (
  `id` int(10) unsigned NOT NULL AUTO_INCREMENT,
  `commitment_id` int(10) unsigned NOT NULL,
  `name` varchar(255) COLLATE utf8mb4_hungarian_ci NOT NULL,
  `order` int(11) NOT NULL,
  `score` int(11) NOT NULL,
  `is_off_option` tinyint(4) NOT NULL DEFAULT '0',
  `is_custom_input` tinyint(4) NOT NULL DEFAULT '0',
  `description` text COLLATE utf8mb4_hungarian_ci,
  PRIMARY KEY (`id`),
  UNIQUE KEY `id_UNIQUE` (`id`),
  KEY `fk_commitment_options_commitments1_idx` (`commitment_id`),
  CONSTRAINT `fk_commitment_options_commitments1` FOREIGN KEY (`commitment_id`) REFERENCES `commitments` (`id`) ON DELETE NO ACTION ON UPDATE NO ACTION
) ENGINE=InnoDB AUTO_INCREMENT=221 DEFAULT CHARSET=utf8mb4 COLLATE=utf8mb4_hungarian_ci;

CREATE TABLE `commitments` (
  `id` int(10) unsigned NOT NULL AUTO_INCREMENT,
  `commitment_category_id` int(10) unsigned NOT NULL,
  `name` varchar(500) COLLATE utf8mb4_hungarian_ci NOT NULL,
  `order` int(11) NOT NULL,
  `month_step` int(11) DEFAULT NULL,
  `months_min` int(11) DEFAULT NULL,
  `months_max` int(11) DEFAULT NULL,
  `description` text COLLATE utf8mb4_hungarian_ci,
  PRIMARY KEY (`id`),
  UNIQUE KEY `id_UNIQUE` (`id`),
  KEY `fk_table1_commitment_categories1_idx` (`commitment_category_id`),
  CONSTRAINT `fk_table1_commitment_categories1` FOREIGN KEY (`commitment_category_id`) REFERENCES `commitment_categories` (`id`) ON DELETE NO ACTION ON UPDATE NO ACTION
) ENGINE=InnoDB AUTO_INCREMENT=118 DEFAULT CHARSET=utf8mb4 COLLATE=utf8mb4_hungarian_ci;

CREATE TABLE `commitments_by_questions` (
  `question_option_id` int(10) unsigned NOT NULL,
  `commitment_option_id` int(10) unsigned NOT NULL,
  UNIQUE KEY `connection_unique` (`question_option_id`,`commitment_option_id`),
  KEY `fk_commitments_by_questions_question_options1_idx` (`question_option_id`),
  KEY `fk_commitments_by_questions_commitment_options1_idx` (`commitment_option_id`),
  CONSTRAINT `fk_commitments_by_questions_commitment_options1` FOREIGN KEY (`commitment_option_id`) REFERENCES `commitment_options` (`id`) ON DELETE NO ACTION ON UPDATE NO ACTION,
  CONSTRAINT `fk_commitments_by_questions_question_options1` FOREIGN KEY (`question_option_id`) REFERENCES `question_options` (`id`) ON DELETE NO ACTION ON UPDATE NO ACTION
) ENGINE=InnoDB DEFAULT CHARSET=utf8mb4 COLLATE=utf8mb4_hungarian_ci;

CREATE TABLE `modules` (
  `id` int(10) unsigned NOT NULL AUTO_INCREMENT,
  `name` varchar(255) COLLATE utf8mb4_hungarian_ci NOT NULL,
  `slug` varchar(255) COLLATE utf8mb4_hungarian_ci NOT NULL,
  `threshold` int(11) NOT NULL,
  `description` text COLLATE utf8mb4_hungarian_ci,
  `description_pdf` text COLLATE utf8mb4_hungarian_ci,
  PRIMARY KEY (`id`),
  UNIQUE KEY `id_UNIQUE` (`id`)
) ENGINE=InnoDB AUTO_INCREMENT=6 DEFAULT CHARSET=utf8mb4 COLLATE=utf8mb4_hungarian_ci;

CREATE TABLE `organizations` (
  `id` int(10) unsigned NOT NULL AUTO_INCREMENT,
  `name` varchar(512) COLLATE utf8mb4_hungarian_ci DEFAULT NULL,
  `address` varchar(1024) COLLATE utf8mb4_hungarian_ci DEFAULT NULL,
  `email` varchar(255) COLLATE utf8mb4_hungarian_ci DEFAULT NULL,
  `phone` varchar(255) COLLATE utf8mb4_hungarian_ci DEFAULT NULL,
  `company_number` varchar(255) COLLATE utf8mb4_hungarian_ci DEFAULT NULL,
  `tax_number` varchar(255) COLLATE utf8mb4_hungarian_ci DEFAULT NULL,
  `remote_id` int(11) DEFAULT NULL,
  `created_at` timestamp NULL DEFAULT NULL,
  `updated_at` timestamp NULL DEFAULT NULL,
  PRIMARY KEY (`id`),
  UNIQUE KEY `id_UNIQUE` (`id`)
) ENGINE=InnoDB AUTO_INCREMENT=7 DEFAULT CHARSET=utf8mb4 COLLATE=utf8mb4_hungarian_ci;

CREATE TABLE `question_categories` (
  `id` int(10) unsigned NOT NULL AUTO_INCREMENT,
  `name` varchar(255) COLLATE utf8mb4_hungarian_ci NOT NULL,
  `order` int(11) NOT NULL,
  `has_instances` tinyint(4) NOT NULL DEFAULT '0',
  `description` text COLLATE utf8mb4_hungarian_ci,
  `condition_question_option_id` int(10) unsigned DEFAULT NULL,
  PRIMARY KEY (`id`),
  UNIQUE KEY `id_UNIQUE` (`id`),
  KEY `fk_question_categories_question_options1_idx` (`condition_question_option_id`),
  CONSTRAINT `fk_question_categories_question_options1` FOREIGN KEY (`condition_question_option_id`) REFERENCES `question_options` (`id`) ON DELETE NO ACTION ON UPDATE NO ACTION
) ENGINE=InnoDB AUTO_INCREMENT=7 DEFAULT CHARSET=utf8mb4 COLLATE=utf8mb4_hungarian_ci;

CREATE TABLE `question_category_org_types` (
  `question_category_id` int(10) unsigned NOT NULL,
  `org_type_id` int(10) unsigned NOT NULL,
  UNIQUE KEY `unique_pair` (`question_category_id`,`org_type_id`),
  KEY `fk_question_category_org_types_question_categories1_idx` (`question_category_id`),
  CONSTRAINT `fk_question_category_org_types_question_categories1` FOREIGN KEY (`question_category_id`) REFERENCES `question_categories` (`id`) ON DELETE NO ACTION ON UPDATE NO ACTION
) ENGINE=InnoDB DEFAULT CHARSET=utf8mb4 COLLATE=utf8mb4_hungarian_ci;

CREATE TABLE `question_options` (
  `id` int(10) unsigned NOT NULL AUTO_INCREMENT,
  `question_id` int(11) unsigned NOT NULL,
  `name` varchar(255) COLLATE utf8mb4_hungarian_ci NOT NULL,
  `order` int(11) NOT NULL,
  `is_off_option` tinyint(4) NOT NULL DEFAULT '0',
  `is_custom_input` tinyint(4) NOT NULL DEFAULT '0',
  `description` text COLLATE utf8mb4_hungarian_ci,
  PRIMARY KEY (`id`),
  UNIQUE KEY `id_UNIQUE` (`id`),
  KEY `fk_question_options_questions1_idx` (`question_id`),
  CONSTRAINT `fk_question_options_questions1` FOREIGN KEY (`question_id`) REFERENCES `questions` (`id`) ON DELETE NO ACTION ON UPDATE NO ACTION
) ENGINE=InnoDB AUTO_INCREMENT=219 DEFAULT CHARSET=utf8mb4 COLLATE=utf8mb4_hungarian_ci;

CREATE TABLE `questions` (
  `id` int(11) unsigned NOT NULL AUTO_INCREMENT,
  `name` varchar(500) NOT NULL,
  `order` int(11) NOT NULL,
  `description` text,
  `question_category_id` int(10) unsigned NOT NULL,
  PRIMARY KEY (`id`),
  UNIQUE KEY `id_UNIQUE` (`id`),
  KEY `fk_questions_question_categories1_idx` (`question_category_id`),
  CONSTRAINT `fk_questions_question_categories1` FOREIGN KEY (`question_category_id`) REFERENCES `question_categories` (`id`) ON DELETE NO ACTION ON UPDATE NO ACTION
) ENGINE=InnoDB AUTO_INCREMENT=143 DEFAULT CHARSET=utf8;

CREATE TABLE `user_commitment_fills` (
  `id` int(10) unsigned NOT NULL AUTO_INCREMENT,
  `user_id` int(11) unsigned NOT NULL,
  `date` timestamp NOT NULL DEFAULT CURRENT_TIMESTAMP,
  `target_module_id` int(10) unsigned DEFAULT NULL,
  `org_type` int(10) unsigned NOT NULL,
  `manual_score` int(11) DEFAULT NULL,
  `approved` tinyint(4) NOT NULL DEFAULT '0',
  `comment` text COLLATE utf8mb4_hungarian_ci,
  `manual_module_id` int(10) unsigned DEFAULT NULL,
  PRIMARY KEY (`id`),
  UNIQUE KEY `id_UNIQUE` (`id`),
  KEY `fk_user_commitments_users1_idx` (`user_id`),
  KEY `fk_user_commitment_fills_modules1_idx` (`target_module_id`),
  KEY `fk_user_commitment_fills_modules2_idx` (`manual_module_id`),
  CONSTRAINT `fk_user_commitment_fills_modules1` FOREIGN KEY (`target_module_id`) REFERENCES `modules` (`id`) ON DELETE NO ACTION ON UPDATE NO ACTION,
  CONSTRAINT `fk_user_commitment_fills_modules2` FOREIGN KEY (`manual_module_id`) REFERENCES `modules` (`id`) ON DELETE NO ACTION ON UPDATE NO ACTION,
  CONSTRAINT `fk_user_commitments_users1` FOREIGN KEY (`user_id`) REFERENCES `users` (`id`) ON DELETE NO ACTION ON UPDATE NO ACTION
) ENGINE=InnoDB AUTO_INCREMENT=12 DEFAULT CHARSET=utf8mb4 COLLATE=utf8mb4_hungarian_ci;

CREATE TABLE `user_commitment_option_instances` (
  `id` int(10) unsigned NOT NULL AUTO_INCREMENT,
  `name` varchar(255) COLLATE utf8mb4_hungarian_ci NOT NULL,
  `commitment_category_id` int(10) unsigned NOT NULL,
  PRIMARY KEY (`id`),
  UNIQUE KEY `id_UNIQUE` (`id`),
  KEY `fk_instances_commitment_categories1_idx` (`commitment_category_id`),
  CONSTRAINT `fk_instances_commitment_categories1` FOREIGN KEY (`commitment_category_id`) REFERENCES `commitment_categories` (`id`) ON DELETE NO ACTION ON UPDATE NO ACTION
) ENGINE=InnoDB AUTO_INCREMENT=21 DEFAULT CHARSET=utf8mb4 COLLATE=utf8mb4_hungarian_ci;

CREATE TABLE `user_commitment_options` (
  `id` int(10) unsigned NOT NULL AUTO_INCREMENT,
  `months` int(11) DEFAULT NULL,
  `user_commitment_fill_id` int(10) unsigned NOT NULL,
  `commitment_option_id` int(10) unsigned NOT NULL,
  `custom_input` text COLLATE utf8mb4_hungarian_ci,
  `instance_id` int(10) unsigned DEFAULT NULL,
  PRIMARY KEY (`id`),
  UNIQUE KEY `id_UNIQUE` (`id`),
  KEY `fk_user_commitment_options_user_commitments1_idx` (`user_commitment_fill_id`),
  KEY `fk_user_commitment_options_commitment_options1_idx` (`commitment_option_id`),
  KEY `fk_user_commitment_options_instances1_idx` (`instance_id`),
  CONSTRAINT `fk_user_commitment_options_commitment_options1` FOREIGN KEY (`commitment_option_id`) REFERENCES `commitment_options` (`id`) ON DELETE NO ACTION ON UPDATE NO ACTION,
  CONSTRAINT `fk_user_commitment_options_instances1` FOREIGN KEY (`instance_id`) REFERENCES `user_commitment_option_instances` (`id`) ON DELETE NO ACTION ON UPDATE NO ACTION,
  CONSTRAINT `fk_user_commitment_options_user_commitments1` FOREIGN KEY (`user_commitment_fill_id`) REFERENCES `user_commitment_fills` (`id`) ON DELETE NO ACTION ON UPDATE NO ACTION
) ENGINE=InnoDB AUTO_INCREMENT=781 DEFAULT CHARSET=utf8mb4 COLLATE=utf8mb4_hungarian_ci;

CREATE TABLE `user_question_answer_instances` (
  `id` int(10) unsigned NOT NULL AUTO_INCREMENT,
  `name` varchar(255) COLLATE utf8mb4_hungarian_ci NOT NULL,
  `question_category_id` int(10) unsigned NOT NULL,
  PRIMARY KEY (`id`),
  UNIQUE KEY `id_UNIQUE` (`id`),
  KEY `fk_instances_question_categories1_idx` (`question_category_id`),
  CONSTRAINT `fk_instances_question_categories1` FOREIGN KEY (`question_category_id`) REFERENCES `question_categories` (`id`) ON DELETE NO ACTION ON UPDATE NO ACTION
) ENGINE=InnoDB AUTO_INCREMENT=17 DEFAULT CHARSET=utf8mb4 COLLATE=utf8mb4_hungarian_ci;

CREATE TABLE `user_question_answers` (
  `id` int(10) unsigned NOT NULL AUTO_INCREMENT,
  `user_question_fill_id` int(10) unsigned NOT NULL,
  `question_option_id` int(10) unsigned NOT NULL,
  `custom_input` text COLLATE utf8mb4_hungarian_ci,
  `instance_id` int(10) unsigned DEFAULT NULL,
  PRIMARY KEY (`id`),
  UNIQUE KEY `id_UNIQUE` (`id`),
  KEY `fk_user_question_answers_user_question_fills1_idx` (`user_question_fill_id`),
  KEY `fk_user_question_answers_question_options1_idx` (`question_option_id`),
  KEY `fk_user_question_answers_instances1_idx` (`instance_id`),
  CONSTRAINT `fk_user_question_answers_instances1` FOREIGN KEY (`instance_id`) REFERENCES `user_question_answer_instances` (`id`) ON DELETE NO ACTION ON UPDATE NO ACTION,
  CONSTRAINT `fk_user_question_answers_question_options1` FOREIGN KEY (`question_option_id`) REFERENCES `question_options` (`id`) ON DELETE NO ACTION ON UPDATE NO ACTION,
  CONSTRAINT `fk_user_question_answers_user_question_fills1` FOREIGN KEY (`user_question_fill_id`) REFERENCES `user_question_fills` (`id`) ON DELETE NO ACTION ON UPDATE NO ACTION
) ENGINE=InnoDB AUTO_INCREMENT=365 DEFAULT CHARSET=utf8mb4 COLLATE=utf8mb4_hungarian_ci;

CREATE TABLE `user_question_fills` (
  `id` int(10) unsigned NOT NULL AUTO_INCREMENT,
  `user_id` int(11) unsigned NOT NULL,
  `date` timestamp NOT NULL DEFAULT CURRENT_TIMESTAMP,
  `org_type` int(10) unsigned NOT NULL,
  PRIMARY KEY (`id`),
  UNIQUE KEY `id_UNIQUE` (`id`),
  KEY `fk_user_question_fills_users1_idx` (`user_id`),
  CONSTRAINT `fk_user_question_fills_users1` FOREIGN KEY (`user_id`) REFERENCES `users` (`id`) ON DELETE NO ACTION ON UPDATE NO ACTION
) ENGINE=InnoDB AUTO_INCREMENT=20 DEFAULT CHARSET=utf8mb4 COLLATE=utf8mb4_hungarian_ci;

CREATE TABLE `users` (
  `id` int(11) unsigned NOT NULL AUTO_INCREMENT,
  `email` varchar(255) NOT NULL,
  `name` varchar(512) NOT NULL,
  `password` varchar(255) NOT NULL,
  `auth_key` varchar(45) NOT NULL,
  `password_reset_token` varchar(255) DEFAULT NULL,
  `created_at` timestamp NOT NULL DEFAULT CURRENT_TIMESTAMP,
  `updated_at` timestamp NOT NULL DEFAULT CURRENT_TIMESTAMP,
  `is_admin` tinyint(4) NOT NULL DEFAULT '0',
  `organization_id` int(10) unsigned NOT NULL,
  `is_approved_admin` tinyint(4) DEFAULT '0',
  `is_approved_boss` tinyint(4) DEFAULT '0',
  PRIMARY KEY (`id`),
  UNIQUE KEY `id_UNIQUE` (`id`),
  UNIQUE KEY `email_UNIQUE` (`email`),
  UNIQUE KEY `password_reset_token_UNIQUE` (`password_reset_token`),
  KEY `fk_users_organizations1_idx` (`organization_id`),
  CONSTRAINT `fk_users_organizations1` FOREIGN KEY (`organization_id`) REFERENCES `organizations` (`id`) ON DELETE NO ACTION ON UPDATE NO ACTION
) ENGINE=InnoDB AUTO_INCREMENT=2 DEFAULT CHARSET=utf8;

CREATE TABLE `vall_kat_pontok` (
  `id` int(11) NOT NULL AUTO_INCREMENT,
  `vallalas_id` int(11) NOT NULL,
  `vall_kat_id` int(11) NOT NULL,
  `pont` int(11) NOT NULL,
  PRIMARY KEY (`id`)
) ENGINE=InnoDB DEFAULT CHARSET=utf8;

CREATE TABLE `vall_kategoriak` (
  `id` int(11) NOT NULL AUTO_INCREMENT,
  `megnev` varchar(500) NOT NULL,
  PRIMARY KEY (`id`)
) ENGINE=InnoDB DEFAULT CHARSET=utf8;

CREATE TABLE `vall_kerd__csop` (
  `id` int(11) NOT NULL AUTO_INCREMENT,
  `vall_kerd_id` int(11) NOT NULL,
  `vallalas_csop_id` int(11) DEFAULT NULL,
  `kerdes_csop_id` int(11) DEFAULT NULL,
  `sorrend` int(11) NOT NULL,
  PRIMARY KEY (`id`)
) ENGINE=InnoDB DEFAULT CHARSET=utf8;

CREATE TABLE `vallcsop` (
  `id` int(11) NOT NULL AUTO_INCREMENT,
  `megnev` varchar(100) NOT NULL,
  PRIMARY KEY (`id`)
) ENGINE=InnoDB DEFAULT CHARSET=utf8;

INSERT INTO `badges` (`id`, `name`, `threshold`) VALUES
('1', '1. szint', '100'),
('2', '2. szint', '300'),
('3', '3.szint', '500');

INSERT INTO `commitment_categories` (`id`, `name`, `order`, `has_instances`, `description`, `condition_commitment_option_id`, `question_category_inst_id`, `special_points`) VALUES
('1', 'Lelki élet vállalások', '1', '0', NULL, NULL, NULL, '1'),
('2', 'tematikus alkalmak vállalások', '2', '0', NULL, NULL, NULL, '0'),
('3', 'fenntarthatóság gyülekezeti alkalmakon vállalások', '3', '0', NULL, NULL, NULL, '0'),
('4', 'fenntarthatóság a lelkészi hivatal működésében vállalások', '4', '0', NULL, NULL, NULL, '0'),
('5', 'fenntarthatóság az épületek gondozásában', '5', '0', NULL, NULL, NULL, '0'),
('6', 'hulladék kezelési vállalások', '6', '0', NULL, NULL, NULL, '0'),
('7', 'gyülekezeti élet szervezésében vállalások', '7', '0', NULL, NULL, NULL, '0'),
('8', 'épületek beruházási vállalások', '8', '1', NULL, NULL, '6', '0'),
('9', 'szemléletformálás vállalások', '9', '0', NULL, NULL, NULL, '0'),
('10', 'etikus gazdálkodási vállalások', '10', '0', NULL, NULL, NULL, '0'),
('11', 'zöldterület gondozás vállalások', '11', '0', NULL, NULL, NULL, '0'),
('12', 'mentorálás', '12', '0', NULL, NULL, NULL, '0');

INSERT INTO `commitment_category_org_types` (`commitment_category_id`, `org_type_id`) VALUES
('1', '1'),
('2', '1'),
('3', '1'),
('4', '1'),
('5', '1'),
('6', '1'),
('7', '1'),
('8', '1'),
('9', '1'),
('10', '1'),
('11', '1'),
('12', '1');

INSERT INTO `commitment_options` (`id`, `commitment_id`, `name`, `order`, `score`, `is_off_option`, `is_custom_input`, `description`) VALUES
('1', '2', 'Havonta legalább egyszer', '1', '8', '0', '0', NULL),
('2', '2', 'Évente legalább egyszer', '2', '4', '0', '0', NULL),
('3', '2', 'Ritkábban', '3', '1', '0', '0', NULL),
('4', '2', 'Nem', '4', '0', '0', '0', NULL),
('5', '5', 'Havonta legalább egyszer', '1', '8', '0', '0', NULL),
('6', '5', 'Évente legalább egyszer', '2', '4', '0', '0', NULL),
('7', '5', 'Ritkábban', '3', '1', '0', '0', NULL),
('8', '5', 'Nem', '4', '0', '0', '0', NULL),
('9', '4', 'Havonta legalább egyszer', '1', '8', '0', '0', NULL),
('10', '4', 'Évente legalább egyszer', '2', '4', '0', '0', NULL),
('11', '4', 'Ritkábban', '3', '1', '0', '0', NULL),
('12', '4', 'Nem', '4', '0', '0', '0', NULL),
('13', '1', 'Évente többször', '1', '8', '0', '0', NULL),
('14', '1', 'Évente legalább egyszer', '2', '4', '0', '0', NULL),
('15', '1', 'Ritkábban', '3', '1', '0', '0', NULL),
('16', '1', 'nem', '4', '0', '0', '0', NULL),
('17', '1', 'Szabad beírás', '5', '8', '0', '1', NULL),
('18', '6', 'Évente többször', '1', '8', '0', '0', NULL),
('19', '6', 'Évente legalább egyszer', '2', '4', '0', '0', NULL),
('20', '6', 'Ritkábban', '3', '1', '0', '0', NULL),
('21', '6', 'nem', '4', '0', '0', '0', NULL),
('22', '7', 'Évente többször', '1', '8', '0', '0', NULL),
('23', '7', 'Évente legalább egyszer', '2', '4', '0', '0', NULL),
('24', '7', 'Ritkábban', '3', '1', '0', '0', NULL),
('25', '7', 'Nem', '4', '0', '0', '0', NULL),
('26', '8', 'Évente többször', '1', '8', '0', '0', NULL),
('27', '8', 'Évente legalább egyszer', '2', '4', '0', '0', NULL),
('28', '8', 'Ritkábban', '3', '1', '0', '0', NULL),
('29', '8', 'Nem', '4', '0', '0', '0', NULL),
('30', '3', 'Havonta legalább egyszer', '1', '8', '0', '0', NULL),
('31', '3', 'Évente legalább egyszer', '2', '4', '0', '0', NULL),
('32', '3', 'Ritkábban', '3', '1', '0', '0', NULL),
('33', '3', 'Nem', '4', '0', '0', '0', NULL),
('34', '9', 'Szabad beírás', '1', '8', '0', '1', NULL),
('35', '14', 'Évente többször', '1', '8', '0', '0', NULL),
('36', '14', 'Évente legalább egyszer', '2', '4', '0', '0', NULL),
('37', '14', 'Ritkábban', '3', '1', '0', '0', NULL),
('38', '14', 'Nem', '4', '0', '0', '0', NULL),
('39', '11', 'Évente többször', '1', '8', '0', '0', NULL),
('40', '11', 'Évente legalább egyszer', '2', '5', '0', '0', NULL),
('41', '11', 'Ritkábban', '3', '2', '0', '0', NULL),
('42', '11', 'Nem', '4', '0', '0', '0', NULL),
('43', '13', 'Évente többször', '1', '8', '0', '0', NULL),
('44', '13', 'Évente legalább egyszer', '2', '5', '0', '0', NULL),
('45', '13', 'Ritkábban', '3', '2', '0', '0', NULL),
('46', '13', 'Nem', '4', '0', '0', '0', NULL),
('47', '20', 'Szabad beírás', '1', '6', '0', '1', NULL),
('48', '12', 'Évente többször', '1', '8', '0', '0', NULL),
('49', '12', 'Évente legalább egyszer', '2', '5', '0', '0', NULL),
('50', '12', 'Ritkábban', '3', '2', '0', '0', NULL),
('51', '12', 'Nem', '4', '0', '0', '0', NULL),
('52', '12', 'Szabad beírás', '5', '6', '0', '1', NULL),
('53', '16', 'Évente többször', '1', '8', '0', '0', NULL),
('54', '16', 'Évente legalább egyszer', '2', '5', '0', '0', NULL),
('55', '16', 'Ritkábban', '3', '2', '0', '0', NULL),
('56', '16', 'Nem', '4', '0', '0', '0', NULL),
('57', '16', 'Szabad beírás', '5', '6', '0', '1', NULL),
('58', '15', 'Rendszeresen', '1', '8', '0', '0', NULL),
('59', '15', 'Alkalmanként', '2', '5', '0', '0', NULL),
('60', '15', 'Nem', '3', '0', '0', '0', NULL),
('61', '17', 'Rendszeresen', '1', '8', '0', '0', NULL),
('62', '17', 'Néha', '2', '4', '0', '0', NULL),
('63', '17', 'Nem', '3', '0', '0', '0', NULL),
('64', '18', 'Évente többször', '1', '8', '0', '0', NULL),
('65', '18', 'Évente legalább egyszer', '2', '5', '0', '0', NULL),
('66', '18', 'Ritkábban', '3', '2', '0', '0', NULL),
('67', '18', 'Nem', '4', '0', '0', '0', NULL),
('68', '18', 'Szabad beírás', '5', '6', '0', '1', NULL),
('69', '19', 'Gyakran', '1', '8', '0', '0', NULL),
('70', '19', 'Néha', '2', '4', '0', '0', NULL),
('71', '19', 'Nem', '3', '0', '0', '0', NULL),
('72', '19', 'Szabad beírás', '4', '8', '0', '1', NULL),
('73', '85', 'Évente többször', '1', '8', '0', '0', NULL),
('74', '85', 'Évente legalább egyszer', '2', '5', '0', '0', NULL),
('75', '85', 'Ritkábban', '3', '2', '0', '0', NULL),
('76', '85', 'Nem', '4', '0', '0', '0', NULL),
('77', '86', 'Rendszeresen', '1', '8', '0', '0', NULL),
('78', '86', 'Néha', '2', '4', '0', '0', NULL),
('79', '86', 'Nem', '3', '0', '0', '0', NULL),
('80', '87', 'Rendszeresen', '1', '12', '0', '0', NULL),
('81', '87', 'Néha', '2', '6', '0', '0', NULL),
('82', '87', 'Nem', '3', '0', '0', '0', NULL),
('83', '77', 'Gyakran', '1', '6', '0', '0', NULL),
('84', '77', 'Néha', '2', '3', '0', '0', NULL),
('85', '77', 'Nem', '3', '0', '0', '0', NULL),
('86', '78', 'Gyakran', '1', '6', '0', '0', NULL),
('87', '78', 'Néha', '2', '3', '0', '0', NULL),
('88', '78', 'Nem', '3', '0', '0', '0', NULL),
('89', '80', 'Igen', '1', '6', '0', '0', NULL),
('90', '80', 'Nem', '2', '0', '0', '0', NULL),
('91', '79', 'Igen', '1', '4', '0', '0', NULL),
('92', '79', 'Nem', '2', '0', '0', '0', NULL),
('93', '81', 'Gyakran', '1', '6', '0', '0', NULL),
('94', '81', 'Néha', '2', '3', '0', '0', NULL),
('95', '81', 'Nem', '3', '0', '0', '0', NULL),
('96', '82', 'Igen', '1', '6', '0', '0', NULL),
('97', '82', 'Nem', '2', '0', '0', '0', NULL),
('98', '84', 'Gyakran', '1', '8', '0', '0', NULL),
('99', '84', 'Néha', '2', '4', '0', '0', NULL),
('100', '84', 'Nem', '3', '0', '0', '0', NULL),
('101', '88', 'Szabad beírás', '1', '8', '0', '1', NULL),
('102', '58', 'Igen', '1', '8', '0', '0', NULL),
('103', '58', 'Nem', '2', '0', '0', '0', NULL),
('104', '61', 'Igen', '1', '10', '0', '0', NULL),
('105', '61', 'Nem', '2', '0', '0', '0', NULL),
('106', '61', 'Szabad beírás', '3', '10', '0', '1', NULL),
('107', '62', 'Igen', '1', '8', '0', '0', NULL),
('108', '62', 'Nem', '2', '0', '0', '0', NULL),
('109', '29', 'Igen', '1', '8', '0', '0', NULL),
('110', '29', 'Nem', '2', '0', '0', '0', NULL),
('111', '30', 'Nem vonatkozik ránk', '1', '8', '0', '0', NULL),
('112', '30', 'Nem vonatkozik ránk', '2', '8', '0', '0', NULL),
('113', '31', 'Mindig', '1', '8', '0', '0', NULL),
('114', '31', 'Gyakran', '2', '6', '0', '0', NULL),
('115', '31', 'Néha', '3', '2', '0', '0', NULL),
('116', '31', 'Nem', '4', '0', '0', '0', NULL),
('117', '36', 'Mindig', '1', '6', '0', '0', NULL),
('118', '36', 'Gyakran', '2', '4', '0', '0', NULL),
('119', '36', 'Néha', '3', '1', '0', '0', NULL),
('120', '36', 'Nem', '4', '0', '0', '0', NULL),
('121', '36', 'Nem vonatkozik ránk', '5', '6', '0', '0', NULL),
('122', '41', 'Mindig', '1', '6', '0', '0', NULL),
('123', '41', 'Gyakran', '2', '4', '0', '0', NULL),
('124', '41', 'Néha', '3', '1', '0', '0', NULL),
('125', '41', 'Nem', '4', '0', '0', '0', NULL),
('126', '41', 'Nem vonatkozik ránk', '5', '6', '0', '0', NULL),
('127', '40', 'Igen', '1', '6', '0', '0', NULL),
('128', '40', 'Részben', '2', '4', '0', '0', NULL),
('129', '40', 'Nem', '3', '0', '0', '0', NULL),
('130', '39', 'Igen', '1', '10', '0', '0', NULL),
('131', '39', 'Nem', '2', '0', '0', '0', NULL),
('132', '38', 'Csak LED és energiatakarékos izzó', '1', '8', '0', '0', NULL),
('133', '38', 'LED + energiatakarékos izzók + izzószálas fényforrások', '2', '4', '0', '0', NULL),
('134', '38', 'csak hagyományos izzók', '3', '0', '0', '0', NULL),
('135', '38', 'Egyéb, éspedig… ', '4', '8', '0', '0', NULL),
('136', '47', 'Igen', '1', '10', '0', '0', NULL),
('137', '47', 'Nem', '2', '0', '0', '0', NULL),
('138', '48', 'Igen', '1', '12', '0', '0', NULL),
('139', '48', 'Nem', '2', '0', '0', '0', NULL),
('140', '45', 'Igen', '1', '16', '0', '0', NULL),
('141', '45', 'Nem', '2', '0', '0', '0', NULL),
('142', '46', 'Igen', '1', '10', '0', '0', NULL),
('143', '46', 'Nem', '2', '0', '0', '0', NULL),
('144', '44', 'Igen', '1', '10', '0', '0', NULL),
('145', '44', 'Nem', '2', '0', '0', '0', NULL),
('146', '49', 'Szabad beírás', '1', '16', '0', '1', NULL),
('147', '51', 'Igen', '1', '6', '0', '0', NULL),
('148', '51', 'Részben', '2', '4', '0', '0', NULL),
('149', '51', 'Nem', '3', '0', '0', '0', NULL),
('150', '56', 'Nem vonatkozik ránk', '1', '10', '0', '0', NULL),
('151', '54', 'Igen, helyben', '1', '8', '0', '0', NULL),
('152', '54', 'Igen, máshol', '2', '8', '0', '0', NULL),
('153', '54', 'Nem', '3', '0', '0', '0', NULL),
('154', '22', '…Kizárólag tartós anyagból készülnek', '1', '10', '0', '0', NULL),
('155', '22', '…Többségében tartós anyagból készülnek', '2', '6', '0', '0', NULL),
('156', '22', '…Egyszerhasználatos, biológiailag lebomlóak/komposztálhatóak', '3', '4', '0', '0', NULL),
('157', '22', '…Egyszerhasználatos eldobhatóak', '4', '0', '0', '0', NULL),
('158', '23', '…Kizárólag tartós anyagból készülnek', '1', '10', '0', '0', NULL),
('159', '23', '…Többségében tartós anyagból készülnek', '2', '6', '0', '0', NULL),
('160', '23', '…Egyszerhasználatos, biológiailag lebomlóak/komposztálhatóak', '3', '4', '0', '0', NULL),
('161', '23', '…Egyszerhasználatos eldobhatóak', '4', '0', '0', '0', NULL),
('162', '21', '…Kizárólag csomagolásmentesek, visszaváltható vagy újra felhasználható csomagolásúak (csapvíz, tea, betéti üveges ital, stb.)', '1', '10', '0', '0', NULL),
('163', '21', '…Gyakran csomagolásmentesek, visszaváltható vagy újra felhasználható csomagolásúak', '2', '6', '0', '0', NULL),
('164', '21', '…Újrahasznosított csomagolásúak (RePET palack', '3', '4', '0', '0', NULL),
('165', '21', '…Egyszerhasználatos, eldobható csomagolásúak (PET palack, Tetrapack, üveg stb.)', '4', '0', '0', '0', NULL),
('166', '25', 'Mindig', '1', '10', '0', '0', NULL),
('167', '25', 'Gyakran', '2', '6', '0', '0', NULL),
('168', '25', 'Néha', '3', '4', '0', '0', NULL),
('169', '25', 'Nem', '4', '0', '0', '0', NULL),
('170', '25', 'Nem vonatkozik ránk', '5', '0', '0', '0', NULL),
('171', '27', 'Mindig', '1', '8', '0', '0', NULL),
('172', '27', 'Gyakran', '2', '5', '0', '0', NULL),
('173', '27', 'Néha', '3', '3', '0', '0', NULL),
('174', '27', 'Nem', '4', '0', '0', '0', NULL),
('175', '27', 'Nem vonatkozik ránk', '5', '0', '0', '0', NULL),
('176', '115', 'Igen', '1', '10', '0', '0', NULL),
('177', '115', 'Nem', '2', '0', '0', '0', NULL),
('178', '100', 'Igen', '1', '10', '0', '0', NULL),
('179', '100', 'Nem', '2', '0', '0', '0', NULL),
('180', '101', 'Igen', '1', '10', '0', '0', NULL),
('181', '101', 'Nem', '2', '0', '0', '0', NULL),
('182', '102', 'Igen', '1', '10', '0', '0', NULL),
('183', '102', 'Nem', '2', '0', '0', '0', NULL),
('184', '103', 'Igen', '1', '6', '0', '0', NULL),
('185', '103', 'Nem', '2', '0', '0', '0', NULL),
('186', '103', 'Nincs rá hely', '3', '0', '0', '0', NULL),
('187', '104', 'Igen', '1', '8', '0', '0', NULL),
('188', '104', 'Nem', '2', '0', '0', '0', NULL),
('189', '104', 'Nincs rá hely', '3', '0', '0', '0', NULL),
('190', '105', 'Igen', '1', '8', '0', '0', NULL),
('191', '105', 'Nem', '2', '0', '0', '0', NULL),
('192', '105', 'Nincs rá hely', '3', '0', '0', '0', NULL),
('193', '106', 'Igen', '1', '6', '0', '0', NULL),
('194', '106', 'Nem', '2', '0', '0', '0', NULL),
('195', '106', 'Nincs rá hely', '3', '0', '0', '0', NULL),
('196', '109', 'Szabad beírás', '1', '8', '0', '1', NULL),
('197', '65', 'Fal és mennyezet', '1', '14', '0', '0', NULL),
('198', '65', 'Falak vagy mennyezet', '2', '10', '0', '0', NULL),
('199', '65', 'Egyáltalán nem', '3', '0', '0', '0', NULL),
('200', '65', 'Nem vonatkozik ránk', '4', '0', '0', '0', NULL),
('201', '67', 'Mindenhol', '1', '12', '0', '0', NULL),
('202', '67', 'Néhány ablak', '2', '8', '0', '0', NULL),
('203', '67', 'Néhány ajtó', '3', '4', '0', '0', NULL),
('204', '67', 'Egyik nyílászáró sem', '4', '0', '0', '0', NULL),
('205', '67', 'Nem vonatkozik ránk', '5', '0', '0', '0', NULL),
('206', '66', 'Igen', '1', '8', '0', '0', NULL),
('207', '66', 'Nem', '2', '0', '0', '0', NULL),
('208', '66', 'Nem vonatkozik ránk', '3', '0', '0', '0', NULL),
('209', '66', 'Nincs kazán/fűtés', '4', '12', '0', '0', NULL),
('210', '66', 'Egyéb, éspedig… ', '5', '16', '0', '0', NULL),
('211', '69', 'Igen', '1', '10', '0', '0', NULL),
('212', '69', 'Nem', '2', '0', '0', '0', NULL),
('213', '73', 'Igen', '1', '14', '0', '0', NULL),
('214', '73', 'Nem', '2', '0', '0', '0', NULL),
('215', '71', 'Igen', '1', '16', '0', '0', NULL),
('216', '71', 'Nem', '2', '0', '0', '0', NULL),
('217', '74', 'Igen', '1', '16', '0', '0', NULL),
('218', '74', 'Nem', '2', '0', '0', '0', NULL),
('219', '75', 'Igen', '1', '12', '0', '0', NULL),
('220', '75', 'Nem', '2', '0', '0', '0', NULL);

INSERT INTO `commitments` (`id`, `commitment_category_id`, `name`, `order`, `month_step`, `months_min`, `months_max`, `description`) VALUES
('1', '1', 'Istentisztelet', '1', '1', '1', '24', NULL),
('2', '1', 'liturgia', '2', '3', '3', '12', NULL),
('3', '1', 'imádság', '3', '12', '12', '72', NULL),
('4', '1', 'prédikáció', '4', NULL, NULL, NULL, NULL),
('5', '1', 'templom/oltár dekoráció', '5', NULL, NULL, NULL, NULL),
('6', '1', 'gyermek alkalmak', '6', NULL, NULL, NULL, NULL),
('7', '1', 'ifjúsági alkalmak', '7', NULL, NULL, NULL, NULL),
('8', '1', 'felnőtt alkalmak', '8', NULL, NULL, NULL, NULL),
('9', '1', 'egyéb +', '9', NULL, NULL, NULL, NULL),
('10', '2', 'gyülekezeti fórum', '1', NULL, NULL, NULL, NULL),
('11', '2', 'gyülekezeti előadás(sorozat)', '2', NULL, NULL, NULL, NULL),
('12', '2', 'helyi közösségi akciók', '3', NULL, NULL, NULL, NULL),
('13', '2', 'műhely (kézműves, alkotó, foltozó,stb)', '4', NULL, NULL, NULL, NULL),
('14', '2', 'szakember meghívása', '5', NULL, NULL, NULL, NULL),
('15', '2', 'együttműködés a helyi környezetvédelmi szervezetekkel', '6', NULL, NULL, NULL, NULL),
('16', '2', 'gyülekezeti kirándulás/séta', '7', NULL, NULL, NULL, NULL),
('17', '2', 'jótékonysági alkalmak', '8', NULL, NULL, NULL, NULL),
('18', '2', 'nemzetközi kampány alkalmak', '9', NULL, NULL, NULL, NULL),
('19', '2', 'gyülekezeti garázsvásár, ruhacsere, stb.', '10', NULL, NULL, NULL, NULL),
('20', '2', 'egyéb +', '11', NULL, NULL, NULL, NULL),
('21', '3', 'fogyasztott italok (szóda, csapvíz, tea, szörp)', '1', NULL, NULL, NULL, NULL),
('22', '3', 'használt tányérok, evőeszközök', '2', NULL, NULL, NULL, NULL),
('23', '3', 'használt poharak', '3', NULL, NULL, NULL, NULL),
('24', '3', '(mosogatás)', '4', NULL, NULL, NULL, NULL),
('25', '3', 'helyi gazdálkodásból származó ételek', '5', NULL, NULL, NULL, NULL),
('26', '3', 'házi süti, házi szörp, stb.', '6', NULL, NULL, NULL, NULL),
('27', '3', 'vegetáriánus étkezés lehetősége', '7', NULL, NULL, NULL, NULL),
('28', '3', 'egyéb +', '8', NULL, NULL, NULL, NULL),
('29', '4', 'kétoldalas nyomtatás', '1', NULL, NULL, NULL, NULL),
('30', '4', 'nem nyomtat', '2', NULL, NULL, NULL, NULL),
('31', '4', 'újra papírra nyomtat', '3', NULL, NULL, NULL, NULL),
('32', '4', 'elektronikus hírlevél és tájékoztatás', '4', NULL, NULL, NULL, NULL),
('33', '4', 'takarékosság a villannyal', '5', NULL, NULL, NULL, NULL),
('34', '4', 'takarékosság a vízzel', '6', NULL, NULL, NULL, NULL),
('35', '4', 'takarékosság a fűtéssel', '7', NULL, NULL, NULL, NULL),
('36', '4', 'felelős internethasználat, tárhely tömörítés', '8', NULL, NULL, NULL, NULL),
('37', '4', 'egyéb +', '9', NULL, NULL, NULL, NULL),
('38', '5', 'energiatakarékos izzók', '1', NULL, NULL, NULL, NULL),
('39', '5', 'figyelmeztető feliratok', '2', NULL, NULL, NULL, NULL),
('40', '5', 'környezetbarát tisztítószerek', '3', NULL, NULL, NULL, NULL),
('41', '5', 'újrahasznosított wc-papír', '4', NULL, NULL, NULL, NULL),
('42', '5', 'natúr szappan', '5', NULL, NULL, NULL, NULL),
('43', '5', 'törölköző', '6', NULL, NULL, NULL, NULL),
('44', '5', 'víztakarékos csapok', '7', NULL, NULL, NULL, NULL),
('45', '5', 'megújuló energiaforrás használata', '8', NULL, NULL, NULL, NULL),
('46', '5', 'fogyasztók lekapcsolása távozáskor', '9', NULL, NULL, NULL, NULL),
('47', '5', 'épületek energiafogyasztásának tudatos követése', '10', NULL, NULL, NULL, NULL),
('48', '5', 'energiafogyasztás csökkentése', '11', NULL, NULL, NULL, NULL),
('49', '5', 'egyéb +', '12', NULL, NULL, NULL, NULL),
('50', '6', 'hulladék megelőzés ', '1', NULL, NULL, NULL, NULL),
('51', '6', 'szelektív hulladékgyűjtés', '2', NULL, NULL, NULL, NULL),
('52', '6', 'papír újrahasznosítás', '3', NULL, NULL, NULL, NULL),
('53', '6', 'műanyag/fém/üveg', '4', NULL, NULL, NULL, NULL),
('54', '6', 'komposztálás (helyben/másutt)', '5', NULL, NULL, NULL, NULL),
('55', '6', 'veszélyes hulladék felelős kezelése', '6', NULL, NULL, NULL, NULL),
('56', '6', 'zero waste (hulladékmentesség)', '7', NULL, NULL, NULL, NULL),
('57', '6', 'egyéb +', '8', NULL, NULL, NULL, NULL),
('58', '7', 'telekocsi', '1', NULL, NULL, NULL, NULL),
('59', '7', 'eszköz kölcsönző', '2', NULL, NULL, NULL, NULL),
('60', '7', 'km-számláló', '3', NULL, NULL, NULL, NULL),
('61', '7', 'karbonsemlegesítés', '4', NULL, NULL, NULL, NULL),
('62', '7', 'biciklitároló', '5', NULL, NULL, NULL, NULL),
('63', '7', 'autómegosztás', '6', NULL, NULL, NULL, NULL),
('64', '7', 'egyéb +', '7', NULL, NULL, NULL, NULL),
('65', '8', 'épületek szigetelése', '1', NULL, NULL, NULL, NULL),
('66', '8', 'fűtés korszerűsítése', '2', NULL, NULL, NULL, NULL),
('67', '8', 'szigetelt nyílászárók', '3', NULL, NULL, NULL, NULL),
('68', '8', 'víz és csatorna rendszer korszerűsítése', '4', NULL, NULL, NULL, NULL),
('69', '8', 'világítás és kapcsolórendszerek', '5', NULL, NULL, NULL, NULL),
('70', '8', 'energiahatékony eszközök (hűtő, mosogatógép, stb.)', '6', NULL, NULL, NULL, NULL),
('71', '8', 'napkollektor beszerelés', '7', NULL, NULL, NULL, NULL),
('72', '8', 'egyéb megújuló energia forrás kiépítése', '8', NULL, NULL, NULL, NULL),
('73', '8', 'szürkevíz gyűjtő kiépítése', '9', NULL, NULL, NULL, NULL),
('74', '8', 'beruházások alkalmával tudatos csökkentése az energiafelhasználásnak', '10', NULL, NULL, NULL, NULL),
('75', '8', 'környezeti szempontokban jártas szakemberek bevonása', '11', NULL, NULL, NULL, NULL),
('76', '8', 'egyéb +', '12', NULL, NULL, NULL, NULL),
('77', '9', 'energia csökkentésre ösztönzés', '1', NULL, NULL, NULL, NULL),
('78', '9', 'hulladékcsökkentésre ösztönzés', '2', NULL, NULL, NULL, NULL),
('79', '9', 'autóhasználat csökkentésére ösztönzés', '3', NULL, NULL, NULL, NULL),
('80', '9', 'séta, biciklizés népszerűsítése', '4', NULL, NULL, NULL, NULL),
('81', '9', 'helyi termelőktől való vásárlás ösztönzése', '5', NULL, NULL, NULL, NULL),
('82', '9', 'etikus befektetésre, tudatos gazdálkodásra ösztönzés', '6', NULL, NULL, NULL, NULL),
('83', '9', 'személyes/egyéni gazdálkodás tudatosítása (hitel, személyi kölcsön, stb.)', '7', NULL, NULL, NULL, NULL),
('84', '9', '(gyakorlati tanácsok, ösztönzés: hírlevél, web, közösségi oldal, stb.)', '8', NULL, NULL, NULL, NULL),
('85', '9', 'szemléletformáló alkalmak szervezése', '9', NULL, NULL, NULL, NULL),
('86', '9', 'helyi környezeti ügyek megjelenése', '10', NULL, NULL, NULL, NULL),
('87', '9', 'klímaigazságosság témájának megjelenése', '11', NULL, NULL, NULL, NULL),
('88', '9', 'egyéb +', '12', NULL, NULL, NULL, NULL),
('89', '10', 'közösségi finanszírozás', '1', NULL, NULL, NULL, NULL),
('90', '10', 'közösségi munkavégzés ', '2', NULL, NULL, NULL, NULL),
('91', '10', 'saját forrás használat', '3', NULL, NULL, NULL, NULL),
('92', '10', 'tudatos költségvetés tervezés', '4', NULL, NULL, NULL, NULL),
('93', '10', 'mikrofinanszírozás, etikus befektetések', '5', NULL, NULL, NULL, NULL),
('94', '10', 'helyi szociális források használata', '6', NULL, NULL, NULL, NULL),
('95', '10', 'helyi termelők támogatása', '7', NULL, NULL, NULL, NULL),
('96', '10', 'etikus forrásból származó termékek és szolgáltatások használata', '8', NULL, NULL, NULL, NULL),
('97', '10', 'adományozás vagy adomány gyűjtés', '9', NULL, NULL, NULL, NULL),
('98', '10', 'távoli szociális ügyek támogatása', '10', NULL, NULL, NULL, NULL),
('99', '10', 'egyéb +', '11', NULL, NULL, NULL, NULL),
('100', '11', 'növényekkel való differenciált bánás', '1', NULL, NULL, NULL, NULL),
('101', '11', 'biodiverzitás - madáretető', '2', NULL, NULL, NULL, NULL),
('102', '11', 'biodiverzitás - rovarszálló', '3', NULL, NULL, NULL, NULL),
('103', '11', 'öshonos gyümölcsfa ültetés', '4', NULL, NULL, NULL, NULL),
('104', '11', 'gyümölcs, zöldség vagy fűszernövény termesztés', '5', NULL, NULL, NULL, NULL),
('105', '11', 'közösségi kert', '6', NULL, NULL, NULL, NULL),
('106', '11', 'kültéri/kerti gyülekezeti alkalmak', '7', NULL, NULL, NULL, NULL),
('107', '11', 'temető gondozás', '8', NULL, NULL, NULL, NULL),
('108', '11', 'temetői zöldhulladék gyűjtés', '9', NULL, NULL, NULL, NULL),
('109', '11', 'egyéb +', '10', NULL, NULL, NULL, NULL),
('110', '12', 'jógyakorlatok megosztása', '1', NULL, NULL, NULL, NULL),
('111', '12', 'elérhető segítség', '2', NULL, NULL, NULL, NULL),
('112', '12', 'megkeresi, utánajár, hirdeti', '3', NULL, NULL, NULL, NULL),
('113', '12', 'alkalmakat szervez többeknek', '4', NULL, NULL, NULL, NULL),
('114', '12', 'összefogja a régiót', '5', NULL, NULL, NULL, NULL),
('115', '12', 'program hirdetése, terjesztése', '6', NULL, NULL, NULL, NULL),
('116', '12', 'testvérgyülekezeti együttműködés +', '7', NULL, NULL, NULL, NULL),
('117', '12', 'egyéb +', '8', NULL, NULL, NULL, NULL);

INSERT INTO `commitments_by_questions` (`question_option_id`, `commitment_option_id`) VALUES
('1', '1'),
('1', '5'),
('2', '2'),
('2', '6'),
('3', '3'),
('3', '7'),
('4', '4'),
('4', '8'),
('5', '9'),
('6', '10'),
('7', '11'),
('8', '12'),
('9', '13'),
('10', '14'),
('11', '15'),
('12', '16'),
('13', '17'),
('14', '18'),
('15', '19'),
('16', '20'),
('17', '21'),
('18', '22'),
('19', '23'),
('20', '24'),
('21', '25'),
('22', '26'),
('23', '27'),
('24', '28'),
('25', '29'),
('26', '30'),
('27', '31'),
('28', '32'),
('29', '33'),
('30', '35'),
('31', '36'),
('32', '37'),
('33', '38'),
('34', '34'),
('35', '39'),
('35', '43'),
('35', '73'),
('36', '40'),
('36', '44'),
('36', '74'),
('37', '41'),
('37', '45'),
('37', '75'),
('38', '42'),
('38', '46'),
('38', '76'),
('39', '47'),
('40', '48'),
('41', '49'),
('42', '50'),
('43', '51'),
('44', '52'),
('45', '53'),
('46', '54'),
('47', '55'),
('48', '56'),
('49', '57'),
('50', '58'),
('51', '59'),
('52', '60'),
('53', '102'),
('54', '103'),
('55', '104'),
('56', '105'),
('57', '106'),
('58', '109'),
('59', '110'),
('60', '111'),
('61', '113'),
('62', '114'),
('63', '115'),
('64', '116'),
('65', '112'),
('66', '117'),
('67', '118'),
('68', '119'),
('69', '120'),
('70', '121'),
('71', '122'),
('72', '123'),
('73', '124'),
('74', '125'),
('75', '126'),
('76', '127'),
('77', '128'),
('78', '129'),
('79', '147'),
('80', '148'),
('81', '149'),
('82', '150'),
('83', '154'),
('84', '155'),
('85', '156'),
('86', '157'),
('87', '158'),
('88', '159'),
('89', '160'),
('90', '161'),
('91', '162'),
('92', '163'),
('93', '164'),
('94', '165'),
('95', '166'),
('96', '167'),
('97', '168'),
('98', '169'),
('99', '170'),
('100', '171'),
('101', '172'),
('102', '173'),
('103', '174'),
('104', '175'),
('105', '130'),
('106', '131'),
('107', '176'),
('108', '177'),
('109', '77'),
('110', '78'),
('111', '79'),
('112', '80'),
('113', '81'),
('114', '82'),
('115', '61'),
('116', '62'),
('117', '63'),
('118', '64'),
('119', '65'),
('120', '66'),
('121', '67'),
('122', '68'),
('124', '83'),
('125', '84'),
('126', '85'),
('127', '86'),
('128', '87'),
('129', '88'),
('130', '69'),
('131', '70'),
('132', '71'),
('133', '72'),
('134', '89'),
('135', '90'),
('136', '91'),
('137', '92'),
('138', '93'),
('139', '94'),
('140', '95'),
('141', '96'),
('142', '97'),
('143', '98'),
('144', '99'),
('145', '100'),
('146', '101'),
('153', '197'),
('154', '198'),
('155', '199'),
('156', '200'),
('157', '201'),
('158', '202'),
('159', '203'),
('160', '204'),
('161', '205'),
('162', '206'),
('163', '207'),
('164', '208'),
('165', '209'),
('166', '210'),
('167', '132'),
('168', '133'),
('169', '134'),
('170', '135'),
('171', '136'),
('172', '137'),
('173', '138'),
('174', '139'),
('175', '140'),
('176', '141'),
('177', '206'),
('178', '207'),
('179', '208'),
('180', '130'),
('180', '211'),
('181', '131'),
('181', '212'),
('182', '142'),
('183', '143'),
('186', '144'),
('187', '145'),
('188', '213'),
('189', '214'),
('190', '215'),
('191', '216'),
('192', '107'),
('193', '108'),
('194', '217'),
('195', '218'),
('196', '219'),
('197', '220'),
('198', '146'),
('201', '178'),
('201', '180'),
('201', '182'),
('202', '179'),
('202', '181'),
('202', '183'),
('203', '184'),
('204', '185'),
('205', '186'),
('206', '187'),
('207', '188'),
('208', '189'),
('209', '190'),
('210', '191'),
('211', '192'),
('212', '193'),
('213', '194'),
('214', '195'),
('215', '151'),
('216', '152'),
('217', '153'),
('218', '196');

INSERT INTO `modules` (`id`, `name`, `slug`, `threshold`, `description`, `description_pdf`) VALUES
('1', 'Mustármag', 'mustarmag', '0', 'Quam temere in vitiis, legem sancimus haerentia. Ut enim ad minim veniam, quis nostrud exercitation. At nos hinc posthac, sitientis piros Afros. Hi omnes lingua, institutis, legibus inter se differunt.', 'Quam temere in vitiis, legem sancimus haerentia. Ut enim ad minim veniam, quis nostrud exercitation. At nos hinc posthac, sitientis piros Afros. Hi omnes lingua, institutis, legibus inter se differunt.'),
('2', 'Liliom', 'liliom', '250', 'Quam temere in vitiis, legem sancimus haerentia. Ut enim ad minim veniam, quis nostrud exercitation. At nos hinc posthac, sitientis piros Afros. Hi omnes lingua, institutis, legibus inter se differunt.', 'Quam temere in vitiis, legem sancimus haerentia. Ut enim ad minim veniam, quis nostrud exercitation. At nos hinc posthac, sitientis piros Afros. Hi omnes lingua, institutis, legibus inter se differunt.'),
('3', 'Szőlővessző', 'szolovesszo', '500', 'Quam temere in vitiis, legem sancimus haerentia. Ut enim ad minim veniam, quis nostrud exercitation. At nos hinc posthac, sitientis piros Afros. Hi omnes lingua, institutis, legibus inter se differunt.', 'Quam temere in vitiis, legem sancimus haerentia. Ut enim ad minim veniam, quis nostrud exercitation. At nos hinc posthac, sitientis piros Afros. Hi omnes lingua, institutis, legibus inter se differunt.'),
('4', 'Fügefa', 'fugefa', '750', 'Quam temere in vitiis, legem sancimus haerentia. Ut enim ad minim veniam, quis nostrud exercitation. At nos hinc posthac, sitientis piros Afros. Hi omnes lingua, institutis, legibus inter se differunt.', 'Quam temere in vitiis, legem sancimus haerentia. Ut enim ad minim veniam, quis nostrud exercitation. At nos hinc posthac, sitientis piros Afros. Hi omnes lingua, institutis, legibus inter se differunt.'),
('5', 'Cédrus', 'cedrus', '1000', 'Quam temere in vitiis, legem sancimus haerentia. Ut enim ad minim veniam, quis nostrud exercitation. At nos hinc posthac, sitientis piros Afros. Hi omnes lingua, institutis, legibus inter se differunt.', 'Quam temere in vitiis, legem sancimus haerentia. Ut enim ad minim veniam, quis nostrud exercitation. At nos hinc posthac, sitientis piros Afros. Hi omnes lingua, institutis, legibus inter se differunt.');

INSERT INTO `organizations` (`id`, `name`, `address`, `email`, `phone`, `company_number`, `tax_number`, `remote_id`, `created_at`, `updated_at`) VALUES
('1', 'test', 'test', 'catchke2ro@miheztarto.hu', '1620', 'test', 'test', '13', '2020-03-31 19:25:51', '2020-03-31 19:25:51'),
('6', '', '', 'test@example.com', '', '', '', '13', '2020-07-12 17:31:30', '2020-07-12 17:31:30');

INSERT INTO `question_categories` (`id`, `name`, `order`, `has_instances`, `description`, `condition_question_option_id`) VALUES
('1', 'A', '1', '0', 'At nos hinc posthac, sitientis piros Afros. Morbi fringilla convallis sapien, id pulvinar odio volutpat. Ab illo tempore, ab est sed immemorabili.', NULL),
('2', 'B', '2', '0', NULL, NULL),
('3', 'C', '3', '0', NULL, NULL),
('4', 'D', '4', '0', NULL, NULL),
('5', 'E', '6', '0', NULL, NULL),
('6', 'Épületekre vonatkozó információ', '5', '1', 'Válassza ki az épületek számát', NULL);

INSERT INTO `question_category_org_types` (`question_category_id`, `org_type_id`) VALUES
('1', '1'),
('2', '1'),
('3', '1'),
('4', '1'),
('5', '1'),
('6', '1');

INSERT INTO `question_options` (`id`, `question_id`, `name`, `order`, `is_off_option`, `is_custom_input`, `description`) VALUES
('1', '72', 'Havonta legalább egyszer', '1', '0', '0', 'Fictum, deserunt mollit anim laborum astutumque!'),
('2', '72', 'Évente legalább egyszer', '2', '0', '0', 'A communi observantia non est recedendum. Cum sociis natoque penatibus et magnis dis parturient. Curabitur est gravida et libero vitae dictum. Quisque ut dolor gravida, placerat libero vel, euismod.'),
('3', '72', 'Ritkábban', '3', '0', '0', NULL),
('4', '72', 'Nem', '4', '0', '0', NULL),
('5', '73', 'Havonta legalább egyszer', '1', '0', '0', NULL),
('6', '73', 'Évente legalább egyszer', '2', '0', '0', NULL),
('7', '73', 'Ritkábban', '3', '0', '0', NULL),
('8', '73', 'Nem', '4', '0', '0', NULL),
('9', '74', 'Évente többször', '1', '0', '0', NULL),
('10', '74', 'Évente legalább egyszer', '2', '0', '0', NULL),
('11', '74', 'Ritkábban', '3', '0', '0', NULL),
('12', '74', 'nem', '4', '0', '0', NULL),
('13', '74', 'Szabad beírás', '5', '0', '1', NULL),
('14', '75', 'Évente többször', '1', '0', '0', NULL),
('15', '75', 'Évente legalább egyszer', '2', '0', '0', NULL),
('16', '75', 'Ritkábban', '3', '0', '0', NULL),
('17', '75', 'nem', '4', '0', '0', NULL),
('18', '76', 'Évente többször', '1', '0', '0', NULL),
('19', '76', 'Évente legalább egyszer', '2', '0', '0', NULL),
('20', '76', 'Ritkábban', '3', '0', '0', NULL),
('21', '76', 'Nem', '4', '0', '0', NULL),
('22', '77', 'Évente többször', '1', '0', '0', NULL),
('23', '77', 'Évente legalább egyszer', '2', '0', '0', NULL),
('24', '77', 'Ritkábban', '3', '0', '0', NULL),
('25', '77', 'Nem', '4', '0', '0', NULL),
('26', '78', 'Havonta legalább egyszer', '1', '0', '0', NULL),
('27', '78', 'Évente legalább egyszer', '2', '0', '0', NULL),
('28', '78', 'Ritkábban', '3', '0', '0', NULL),
('29', '78', 'Nem', '4', '0', '0', NULL),
('30', '79', 'Évente többször', '1', '0', '0', NULL),
('31', '79', 'Évente legalább egyszer', '2', '0', '0', NULL),
('32', '79', 'Ritkábban', '3', '0', '0', NULL),
('33', '79', 'Nem', '4', '0', '0', NULL),
('34', '80', 'Szabad beírás', '1', '0', '1', NULL),
('35', '81', 'Évente többször', '1', '0', '0', NULL),
('36', '81', 'Évente legalább egyszer', '2', '0', '0', NULL),
('37', '81', 'Ritkábban', '3', '0', '0', NULL),
('38', '81', 'Nem', '4', '0', '0', NULL),
('39', '81', 'Szabad beírás', '5', '0', '1', NULL),
('40', '82', 'Évente többször', '1', '0', '0', NULL),
('41', '82', 'Évente legalább egyszer', '2', '0', '0', NULL),
('42', '82', 'Ritkábban', '3', '0', '0', NULL),
('43', '82', 'Nem', '4', '0', '0', NULL),
('44', '82', 'Szabad beírás', '5', '0', '1', NULL),
('45', '83', 'Évente többször', '1', '0', '0', NULL),
('46', '83', 'Évente legalább egyszer', '2', '0', '0', NULL),
('47', '83', 'Ritkábban', '3', '0', '0', NULL),
('48', '83', 'Nem', '4', '0', '0', NULL),
('49', '83', 'Szabad beírás', '5', '0', '1', NULL),
('50', '84', 'Rendszeresen', '1', '0', '0', NULL),
('51', '84', 'Alkalmanként', '2', '0', '0', NULL),
('52', '84', 'Nem', '3', '0', '0', NULL),
('53', '85', 'Igen', '1', '0', '0', NULL),
('54', '85', 'Nem', '2', '0', '0', NULL),
('55', '86', 'Igen', '1', '0', '0', NULL),
('56', '86', 'Nem', '2', '0', '0', NULL),
('57', '86', 'Szabad beírás', '3', '0', '1', NULL),
('58', '87', 'Igen', '1', '0', '0', NULL),
('59', '87', 'Nem', '2', '0', '0', NULL),
('60', '87', 'Nem vonatkozik ránk', '3', '0', '0', NULL),
('61', '88', 'Mindig', '1', '0', '0', NULL),
('62', '88', 'Gyakran', '2', '0', '0', NULL),
('63', '88', 'Néha', '3', '0', '0', NULL),
('64', '88', 'Nem', '4', '0', '0', NULL),
('65', '88', 'Nem vonatkozik ránk', '5', '0', '0', NULL),
('66', '89', 'Mindig', '1', '0', '0', NULL),
('67', '89', 'Gyakran', '2', '0', '0', NULL),
('68', '89', 'Néha', '3', '0', '0', NULL),
('69', '89', 'Nem', '4', '0', '0', NULL),
('70', '89', 'Nem vonatkozik ránk', '5', '0', '0', NULL),
('71', '90', 'Mindig', '1', '0', '0', NULL),
('72', '90', 'Gyakran', '2', '0', '0', NULL),
('73', '90', 'Néha', '3', '0', '0', NULL),
('74', '90', 'Nem', '4', '0', '0', NULL),
('75', '90', 'Nem vonatkozik ránk', '5', '0', '0', NULL),
('76', '91', 'Igen', '1', '0', '0', NULL),
('77', '91', 'Részben', '2', '0', '0', NULL),
('78', '91', 'Nem', '3', '0', '0', NULL),
('79', '92', 'Igen', '1', '0', '0', NULL),
('80', '92', 'Részben', '2', '0', '0', NULL),
('81', '92', 'Nem', '3', '0', '0', NULL),
('82', '92', 'Nem vonatkozik ránk', '4', '0', '0', NULL),
('83', '93', '…Kizárólag tartós anyagból készülnek', '1', '0', '0', NULL),
('84', '93', '…Többségében tartós anyagból készülnek', '2', '0', '0', NULL),
('85', '93', '…Egyszerhasználatos, biológiailag lebomlóak/komposztálhatóak', '3', '0', '0', NULL),
('86', '93', '…Egyszerhasználatos eldobhatóak', '4', '0', '0', NULL),
('87', '94', '…Kizárólag tartós anyagból készülnek', '1', '0', '0', NULL),
('88', '94', '…Többségében tartós anyagból készülnek', '2', '0', '0', NULL),
('89', '94', '…Egyszerhasználatos, biológiailag lebomlóak/komposztálhatóak', '3', '0', '0', NULL),
('90', '94', '…Egyszerhasználatos eldobhatóak', '4', '0', '0', NULL),
('91', '95', '…Kizárólag csomagolásmentesek, visszaváltható vagy újra felhasználható csomagolásúak (csapvíz, tea, betéti üveges ital, stb.)', '1', '0', '0', NULL),
('92', '95', '…Gyakran csomagolásmentesek, visszaváltható vagy újra felhasználható csomagolásúak', '2', '0', '0', NULL),
('93', '95', '…Újrahasznosított csomagolásúak (RePET palack', '3', '0', '0', NULL),
('94', '95', '…Egyszerhasználatos, eldobható csomagolásúak (PET palack, Tetrapack, üveg stb.)', '4', '0', '0', NULL),
('95', '96', 'Mindig', '1', '0', '0', NULL),
('96', '96', 'Gyakran', '2', '0', '0', NULL),
('97', '96', 'Néha', '3', '0', '0', NULL),
('98', '96', 'Nem', '4', '0', '0', NULL),
('99', '96', 'Nem vonatkozik ránk', '5', '0', '0', NULL),
('100', '97', 'Mindig', '1', '0', '0', NULL),
('101', '97', 'Gyakran', '2', '0', '0', NULL),
('102', '97', 'Néha', '3', '0', '0', NULL),
('103', '97', 'Nem', '4', '0', '0', NULL),
('104', '97', 'Nem vonatkozik ránk', '5', '0', '0', NULL),
('105', '98', 'Igen', '1', '0', '0', NULL),
('106', '98', 'Nem', '2', '0', '0', NULL),
('107', '99', 'Igen', '1', '0', '0', NULL),
('108', '99', 'Nem', '2', '0', '0', NULL),
('109', '100', 'Rendszeresen', '1', '0', '0', NULL),
('110', '100', 'Néha', '2', '0', '0', NULL),
('111', '100', 'Nem', '3', '0', '0', NULL),
('112', '101', 'Rendszeresen', '1', '0', '0', NULL),
('113', '101', 'Néha', '2', '0', '0', NULL),
('114', '101', 'Nem', '3', '0', '0', NULL),
('115', '102', 'Rendszeresen', '1', '0', '0', NULL),
('116', '102', 'Néha', '2', '0', '0', NULL),
('117', '102', 'Nem', '3', '0', '0', NULL),
('118', '103', 'Évente többször', '1', '0', '0', NULL),
('119', '103', 'Évente legalább egyszer', '2', '0', '0', NULL),
('120', '103', 'Ritkábban', '3', '0', '0', NULL),
('121', '103', 'Nem', '4', '0', '0', NULL),
('122', '103', 'Szabad beírás', '5', '0', '1', NULL),
('123', '104', 'Szabad beírás', '1', '0', '1', NULL),
('124', '105', 'Gyakran', '1', '0', '0', NULL),
('125', '105', 'Néha', '2', '0', '0', NULL),
('126', '105', 'Nem', '3', '0', '0', NULL),
('127', '106', 'Gyakran', '1', '0', '0', NULL),
('128', '106', 'Néha', '2', '0', '0', NULL),
('129', '106', 'Nem', '3', '0', '0', NULL),
('130', '107', 'Gyakran', '1', '0', '0', NULL),
('131', '107', 'Néha', '2', '0', '0', NULL),
('132', '107', 'Nem', '3', '0', '0', NULL),
('133', '107', 'Szabad beírás', '4', '0', '1', NULL),
('134', '108', 'Igen', '1', '0', '0', NULL),
('135', '108', 'Nem', '2', '0', '0', NULL),
('136', '109', 'Igen', '1', '0', '0', NULL),
('137', '109', 'Nem', '2', '0', '0', NULL),
('138', '110', 'Gyakran', '1', '0', '0', NULL),
('139', '110', 'Néha', '2', '0', '0', NULL),
('140', '110', 'Nem', '3', '0', '0', NULL),
('141', '111', 'Igen', '1', '0', '0', NULL),
('142', '111', 'Nem', '2', '0', '0', NULL),
('143', '112', 'Gyakran', '1', '0', '0', NULL),
('144', '112', 'Néha', '2', '0', '0', NULL),
('145', '112', 'Nem', '3', '0', '0', NULL),
('146', '113', 'Szabad beírás', '1', '0', '1', NULL),
('147', '114', 'Van', '1', '0', '0', NULL),
('148', '114', 'Nincs', '2', '0', '0', NULL),
('149', '115', 'Van', '1', '0', '0', NULL),
('150', '115', 'Nincs', '2', '0', '0', NULL),
('151', '116', 'Igen', '1', '0', '0', NULL),
('152', '116', 'Nem', '2', '0', '0', NULL),
('153', '117', 'Fal és mennyezet', '1', '0', '0', NULL),
('154', '117', 'Falak vagy mennyezet', '2', '0', '0', NULL),
('155', '117', 'Egyáltalán nem', '3', '0', '0', NULL),
('156', '117', 'Nem vonatkozik ránk', '4', '0', '0', NULL),
('157', '118', 'Mindenhol', '1', '0', '0', NULL),
('158', '118', 'Néhány ablak', '2', '0', '0', NULL),
('159', '118', 'Néhány ajtó', '3', '0', '0', NULL),
('160', '118', 'Egyik nyílászáró sem', '4', '0', '0', NULL),
('161', '118', 'Nem vonatkozik ránk', '5', '0', '0', NULL),
('162', '119', 'A+++/A++/A+', '1', '0', '0', NULL),
('163', '119', 'A/B', '2', '0', '0', NULL),
('164', '119', 'C/D', '3', '0', '0', NULL),
('165', '119', 'Nincs kazán/fűtés', '4', '0', '0', NULL),
('166', '119', 'Egyéb, éspedig… ', '5', '0', '0', NULL),
('167', '120', 'Csak LED és energiatakarékos izzó', '1', '0', '0', NULL),
('168', '120', 'LED + energiatakarékos izzók + izzószálas fényforrások', '2', '0', '0', NULL),
('169', '120', 'csak hagyományos izzók', '3', '0', '0', NULL),
('170', '120', 'Egyéb, éspedig… ', '4', '0', '0', NULL),
('171', '121', 'Igen', '1', '0', '0', NULL),
('172', '121', 'Nem', '2', '0', '0', NULL),
('173', '122', 'Igen', '1', '0', '0', NULL),
('174', '122', 'Nem', '2', '0', '0', NULL),
('175', '123', 'Igen', '1', '0', '0', NULL),
('176', '123', 'Nem', '2', '0', '0', NULL),
('177', '124', 'Igen', '1', '0', '0', NULL),
('178', '124', 'Nem', '2', '0', '0', NULL),
('179', '124', 'Nem vonatkozik ránk', '3', '0', '0', NULL),
('180', '125', 'Igen', '1', '0', '0', NULL),
('181', '125', 'Nem', '2', '0', '0', NULL),
('182', '126', 'Igen', '1', '0', '0', NULL),
('183', '126', 'Nem', '2', '0', '0', NULL),
('184', '127', 'Igen', '1', '0', '0', NULL),
('185', '127', 'Nem', '2', '0', '0', NULL),
('186', '128', 'Igen', '1', '0', '0', NULL),
('187', '128', 'Nem', '2', '0', '0', NULL),
('188', '129', 'Igen', '1', '0', '0', NULL),
('189', '129', 'Nem', '2', '0', '0', NULL),
('190', '130', 'Igen', '1', '0', '0', NULL),
('191', '130', 'Nem', '2', '0', '0', NULL),
('192', '131', 'Igen', '1', '0', '0', NULL),
('193', '131', 'Nem', '2', '0', '0', NULL),
('194', '132', 'Igen', '1', '0', '0', NULL),
('195', '132', 'Nem', '2', '0', '0', NULL),
('196', '133', 'Igen', '1', '0', '0', NULL),
('197', '133', 'Nem', '2', '0', '0', NULL),
('198', '134', 'Szabad beírás', '1', '0', '1', NULL),
('199', '135', 'Van', '1', '0', '0', NULL),
('200', '135', 'Nincs', '2', '0', '0', NULL),
('201', '136', 'Igen', '1', '0', '0', NULL),
('202', '136', 'Nem', '2', '0', '0', NULL),
('203', '137', 'Igen', '1', '0', '0', NULL),
('204', '137', 'Nem', '2', '0', '0', NULL),
('205', '137', 'Nincs rá hely', '3', '0', '0', NULL),
('206', '138', 'Igen', '1', '0', '0', NULL),
('207', '138', 'Nem', '2', '0', '0', NULL),
('208', '138', 'Nincs rá hely', '3', '0', '0', NULL),
('209', '139', 'Igen', '1', '0', '0', NULL),
('210', '139', 'Nem', '2', '0', '0', NULL),
('211', '139', 'Nincs rá hely', '3', '0', '0', NULL),
('212', '140', 'Igen', '1', '0', '0', NULL),
('213', '140', 'Nem', '2', '0', '0', NULL),
('214', '140', 'Nincs rá hely', '3', '0', '0', NULL),
('215', '141', 'Igen, helyben', '1', '0', '0', NULL),
('216', '141', 'Igen, máshol', '2', '0', '0', NULL),
('217', '141', 'Nem', '3', '0', '0', NULL),
('218', '142', 'Szabad beírás', '1', '0', '1', NULL);

INSERT INTO `questions` (`id`, `name`, `order`, `description`, `question_category_id`) VALUES
('72', 'A vasárnapi istentiszteletek liturgiájában (szövegek, imádságok, énekek, stb.) vagy az oltár díszítésében megjelenik a teremtett világ iránti tisztelet.', '1', NULL, '1'),
('73', 'Az istentiszteleten, prédikációban a teremtett világ tiszteletéről szó esik.', '2', NULL, '1'),
('74', 'Bizonyos vasárnapi istentiszteleteket/alkalmakat konkrétan a teremtett világ tiszteletének (a teremtés hete, aratási hálaadás, stb.) szentelünk.', '3', NULL, '1'),
('75', 'A teremtésvédelem témaköre megjelenik a gyerekek hitoktatásában. (pl. gyermek bibliakör, nyári tábor, stb.)', '4', NULL, '1'),
('76', 'Az ifjúsági alkalmakon szó esik a teremtett világ tiszteletéről.', '5', NULL, '1'),
('77', 'A teremtésvédelem témája megjelenik a felnőttek alkalmain (bibliaóra, felnőtt hittan, baba-mama kör, tematikus alkalmak stb.).', '6', NULL, '1'),
('78', 'A teremtett világ tisztelete a gyülekezet hétköznapi alkalmain a közös imádságokban megjelenik.', '7', NULL, '1'),
('79', 'Gyülekezetünk vendégül lát környezetvédelemben jártas szakembereket, akik előadást tartanak.', '8', NULL, '1'),
('80', 'Sikerült-e megvalósítani valami mást gyülekezeti alkalmak keretében, amit érdemes lenne itt megemlíteni?', '9', NULL, '1'),
('81', 'Gyülekezetünk szervez érzékenyítő, szemléletformáló programokat környezeti témakörökben (pl. filmvetítés, foglalkozások, beszélgetések stb.).', '1', NULL, '2'),
('82', 'Gyülekezetünk szervez vagy részt vesz helyi közösségi akciókban (tavaszi takarítás, autómentes nap, szemétszedés stb.).', '2', NULL, '2'),
('83', 'Gyülekezetünk szabadtéri programokat is szervez (pl. természetjáró séták, túrák, biciklis kirándulások stb.).', '3', NULL, '2'),
('84', 'Gyülekezetünk együttműködik helyi környezetvédő szervezetekkel.', '4', NULL, '2'),
('85', 'Gyülekezetünk megszervezi vagy támogatja a közös autóhasználatot és a telekocsis rendszert.', '5', NULL, '2'),
('86', 'Gyülekezetünk törekszik a CO2 kibocsátás mérséklésére (például az autóhasználat és légiközlekedés igénybevételének gondos mérlegelésével), illetve kidolgozott módszereket a CO2 kibocsátás mérséklésére való ösztönzésre vagy a kibocsátás semlegesítésére.', '6', NULL, '2'),
('87', 'A gyülekezeti munka során igyekszünk csökkenteni a papírhasználatot, ahol csak lehetséges (e-mail üzenetváltás, digitális plakát, kétoldalas nyomtatás, stb.).', '7', NULL, '2'),
('88', 'A gyülekezeti munka során, amikor szükséges nyomtatni, újrahasznosított papírt használunk.', '8', NULL, '2'),
('89', 'Gondosan ügyelünk rá, hogy felelősségteljesen használjuk az internetet és tömörítsük a digitális adattárunkat.', '9', NULL, '2'),
('90', 'A gyülekezeti mellékhelyiségekben újrahasznosított WC-papírt használunk.', '10', NULL, '2'),
('91', 'A gyülekezeti helyiségekben környezetbarát tisztítószereket alkalmazunk.', '11', NULL, '2'),
('92', 'Gyülekezetünkben szelektíven gyűjtjük a hulladékot.', '12', NULL, '2'),
('93', 'A gyülekezetünkben használt étkező készletek és evőeszközök…', '13', NULL, '2'),
('94', 'A gyülekezetünkben használt poharak...', '14', NULL, '2'),
('95', 'A gyülekezetünk által szervezett szeretetvendégségeken, rendezvényeken kínált italok…', '15', NULL, '2'),
('96', 'A gyülekezetünk által rendezett szeretetvendégségek vagy közös étkezések során etikus gazdálkodásból származó, helyi termelőktől, biogazdasági termelőktől vagy állatbarát tenyésztésből vásárolt ételeket fogyasztunk.', '16', NULL, '2'),
('97', 'A gyülekezetünk által rendezett közös étkezések során biztosítunk vegetáriánus/vegán menüt.', '17', NULL, '2'),
('98', 'Gyülekezetünk az energiafelhasználás mérséklésére törekszik (például feliratokkal, amik emlékeztetnek a lámpa lekapcsolására, a vízcsap takarékos használatára stb.).', '18', NULL, '2'),
('99', 'Gyülekezetünk népszerűsíti és képviseli az egyházi teremtésvédelmi programot a helyi gyülekezetek és intézmények körében.', '19', NULL, '2'),
('100', 'Gyülekezetünk imába foglalja a helyi környezetvédelmi kihívásokat.', '20', NULL, '2'),
('101', 'Gyülekezetünk imádkozik, azokért a tőlünk távol eső közösségekért is, akiket a klímaváltozás és környezetkárosodás közvetlenül érint.', '21', NULL, '2'),
('102', 'Gyülekezetünk szervez vagy támogat jótékonysági akciókat.', '22', NULL, '2'),
('103', 'Gyülekezetünk is részt vesz nemzeti és nemzetközi környezetvédelmi vagy teremtésvédelmi kampányokban (Föld napja, mobilitási hét, fenntartható fejlődés hete, műanyagmentes július stb.…)', '23', NULL, '2'),
('104', 'Sikerült-e még valamit megvalósítani, amit érdemes lenne itt megemlíteni?', '24', NULL, '2'),
('105', 'Gyülekezetünk arra bátorítja tagjait, hogy csökkentsék az energiafogyasztásukat.', '1', NULL, '3'),
('106', 'Gyülekezetünk arra bátorítja tagjait, hogy mérsékeljék az általuk termelt hulladékot. Például azáltal, hogy követik az R6 szabályt: újra gondolják szükségleteiket, visszautasítják a szükségtelen vásárlást, csökkentik a feleslegessé váló tárgyak számát, újra felhasználják, megjavítják a dolgokat, újrahasznosítják a hulladékukat. (Rethink, Refuse, Reduce, Reuse, Repair, Recycle)', '2', NULL, '3'),
('107', 'Gyülekezetünk szervezője olyan foglalkozásoknak vagy eseményeknek, amelyeken lehetőség nyílik az újrafelhasználásra/újrahasznosításra (pl. garázsvásár, foltozóműhely, ruhacsere, célirányos kézműves foglalkozások stb.).', '3', NULL, '3'),
('108', 'Gyülekezetünk bátorítja és javasolja tagjainak a sétát és a biciklizést.', '4', NULL, '3'),
('109', 'Gyülekezetünk arra bátorítja tagjait, hogy csökkentsék vagy optimalizálják az autóhasználatot (például: autómegosztás, telekocsi rendszer stb.).', '5', NULL, '3'),
('110', 'Gyülekezetünk arra bátorítja tagjait, hogy helyi termelőktől, bio-, állatbarát és etikus kereskedelemből származó termékeket vásároljanak. (Esetleg ezeknek a beszerzéseknek megosztását megszervezzék.)', '6', NULL, '3'),
('111', 'Gyülekezetünk bátorítja tagjait személyes megtakarításuk etikus befektetésére.', '7', NULL, '3'),
('112', 'Gyülekezetünk hírlevelében, weboldalán és közösségi média felületein gyakorlati tanácsok és ösztönző gondolatok jelennek meg a teremtésvédelemről.', '8', NULL, '3'),
('113', 'Sikerült-e megvalósítani valami mást a szemléletformálás területén, amit érdemes lenne itt megemlíteni? …', '9', NULL, '3'),
('114', 'Van-e a gyülekezetnek saját tulajdonú épülete/épületei (templom, közösségi ház/terem, parókia, lelkészi hivatal, könyvtár, gyülekezeti vendégház…)?', '1', NULL, '4'),
('115', 'Van-e gyülekezet használatában más épület (pl. bérlemény)?', '2', NULL, '4'),
('116', 'Ezek közül bármelyik áll-e (műemlék)védelem alatt?', '3', NULL, '4'),
('117', 'Ez az épület/helyiség szigetelt.', '4', NULL, '6'),
('118', 'Van-e az épületben/helyiségben thermoüveg vagy szigetelt nyílászáró?', '5', NULL, '6'),
('119', 'Energiahatékonysági szempontok alapján ebben az épületben/helységben a fűtés/ kazán besorolása a következő (ha nincs ráírva, egy mérnök meg tudja állapítani):', '6', NULL, '6'),
('120', 'Milyen típusú fényforrásokkal történik a világítás ebben az épületben/helyiségben?', '7', NULL, '6'),
('121', 'A gyülekezet már nyomon követi a saját energiafogyasztását, tisztában van épületeinek energetikai besorolásával vagy kiszámolta saját épületeinek szén-dioxid lábnyomát.', '8', NULL, '6'),
('122', 'A gyülekezetnek már vannak elképzelései arról, hogy hogyan lehetne csökkenteni az épületeik szén-dioxid lábnyomának méretét és már javított energiahatékonyságán.', '9', NULL, '4'),
('123', 'Az épületek villamos energiája részben vagy kizárólag megújuló energiaforrásból származik vagy pedig az energia szolgáltató H-, Geo- vagy Zöld tarifájából.', '10', NULL, '4'),
('124', 'Gyülekezetünk már felvette a kapcsolatot a szakértőkkel, hogy tárgyaljon a szigetelés vagy a fűtés korszerűsítésének kérdéséről.', '11', NULL, '4'),
('125', 'Célunk, hogy csökkentsük a világítás által fogyasztott energiát gyülekezetünk épületeiben (például feliratok, önműködő kapcsoló szerkezetek segítségével).', '12', NULL, '4'),
('126', 'Minden nap végén/munkaszüneti napot megelőző utolsó munkanapon odafigyelünk rá, hogy az elektromos vízmelegítők és a lámpák le legyenek kapcsolva, amikor nincsenek használatban (pl. éjszaka, hétvégén).', '13', NULL, '4'),
('127', 'Tisztában vagyunk gyülekezetünk vízfogyasztásának mértékével, illetve figyelemmel követjük annak változását?', '14', NULL, '4'),
('128', 'Használunk olyan szerkezeteket, melyek gyülekezetünk vízfogyasztásának csökkentését segítik elő. (Például szabályozható WC-tartály, perlátor stb.)', '15', NULL, '4'),
('129', 'Van esővíz vagy szürkevíz gyűjtőnk (Például a WC-kben vagy öntözéskor eső- vagy szürkevizet használunk).', '16', NULL, '4'),
('130', 'Energiát megújuló forrásból termelünk (pl. napelemes vízmelegítő/napkollektor stb.).', '17', NULL, '4'),
('131', 'Van biciklitárolónk.', '18', NULL, '4'),
('132', 'Abban az esetben, ha gyülekezetünk jelentősebb beruházást tervez, figyelünk rá, hogy az épületenergetikai besorolás (176/2008. (VI.30) Korm.rendelet) követelményeit a beruházásra vonatkozó minimumnál magasabb kategóriában tudjuk teljesíteni.', '19', NULL, '4'),
('133', 'Amikor beruházást végzünk, meghallgatjuk olyan külső szakemberek és szolgáltatók tanácsait, akik a környezetre gyakorolt káros hatásokra tudnak rávilágítani.', '20', NULL, '4'),
('134', 'Sikerült megvalósítani valami mást az épületekben, amit érdemes lenne megemlíteni?', '21', NULL, '4'),
('135', 'Van-e a gyülekezetnek olyan külső területe, amelyen ő gazdálkodik?', '1', NULL, '5'),
('136', 'Gyülekezetünk törekszik arra, hogy ezen a területen növekedjen a biodiverzitás (például a különböző növényekkel való differenciált bánásmóddal, fészkelőhely és madáretető, rovarszálló, méhkaptár telepítésével stb.)', '2', NULL, '5'),
('137', 'Gyülekezetünk ültetett őshonos gyümölcsfát a tájfajta megőrzési program keretében.', '3', NULL, '5'),
('138', 'Ezen a földterületen van elkülönített helye a gyümölcs, -zöldség- és fűszernövény-termesztésnek?', '4', NULL, '5'),
('139', 'Gyülekezetünk telkének egy részét közösségi kertté alakította.', '5', NULL, '5'),
('140', 'Gyülekezetünk bátorítja tagjait, hogy a telekre tévedve gyönyörködjenek a természetben.', '6', NULL, '5'),
('141', 'Gyülekezetünk komposztálja a lebomló hulladékokat (virágok, ételmaradék, stb.).', '7', NULL, '5'),
('142', 'Sikerült-e még valamit megvalósítani a földterületeken, amit érdemes lenne itt megemlíteni?', '8', NULL, '5');

INSERT INTO `user_commitment_fills` (`id`, `user_id`, `date`, `target_module_id`, `org_type`, `manual_score`, `approved`, `comment`, `manual_module_id`) VALUES
('1', '1', '2020-06-07 17:37:46', '0', '1', NULL, '0', NULL, NULL),
('2', '1', '2020-06-07 17:53:33', '0', '1', NULL, '0', NULL, NULL),
('3', '1', '2020-07-19 18:09:13', '0', '1', NULL, '0', NULL, NULL),
('4', '1', '2020-07-19 18:12:32', '0', '1', NULL, '0', NULL, NULL),
('5', '1', '2020-08-14 19:31:02', '0', '1', NULL, '0', NULL, NULL),
('6', '1', '2020-08-14 19:31:17', '0', '1', NULL, '0', NULL, NULL),
('8', '1', '2020-08-14 19:42:03', '1', '1', NULL, '0', NULL, NULL),
('9', '1', '2020-08-14 19:43:41', '3', '1', '500', '1', 'testt', '4'),
('10', '1', '2020-08-15 16:37:14', '1', '1', NULL, '0', NULL, NULL),
('11', '1', '2020-08-15 16:42:35', '3', '1', NULL, '0', NULL, NULL);

INSERT INTO `user_commitment_option_instances` (`id`, `name`, `commitment_category_id`) VALUES
('1', 'Ép 1', '8'),
('2', 'Ép 2', '8'),
('3', 'Ép 1', '8'),
('4', 'Ép 2', '8'),
('5', 'Ép 1', '8'),
('6', 'Ép 2', '8'),
('7', 'Ép 1', '8'),
('8', 'Ép 2', '8'),
('9', 'Ép 1', '8'),
('10', 'Ép 2', '8'),
('11', 'Ép 1', '8'),
('12', 'Ép 2', '8'),
('13', 'Ép 1', '8'),
('14', 'Ép 2', '8'),
('15', 'Ép 1', '8'),
('16', 'Ép 2', '8'),
('17', 'Ép 1', '8'),
('18', 'Ép 2', '8'),
('19', 'Ép 1', '8'),
('20', 'Ép 2', '8');

INSERT INTO `user_commitment_options` (`id`, `months`, `user_commitment_fill_id`, `commitment_option_id`, `custom_input`, `instance_id`) VALUES
('1', NULL, '1', '14', NULL, NULL),
('2', NULL, '1', '1', NULL, NULL),
('3', NULL, '1', '31', NULL, NULL),
('4', NULL, '1', '10', NULL, NULL),
('5', NULL, '1', '5', NULL, NULL),
('6', NULL, '1', '19', NULL, NULL),
('7', NULL, '1', '22', NULL, NULL),
('8', NULL, '1', '23', NULL, NULL),
('9', NULL, '1', '27', NULL, NULL),
('10', NULL, '1', '34', '							', NULL),
('11', NULL, '1', '40', NULL, NULL),
('12', NULL, '1', '49', NULL, NULL),
('13', NULL, '1', '44', NULL, NULL),
('14', NULL, '1', '36', NULL, NULL),
('15', NULL, '1', '59', NULL, NULL),
('16', NULL, '1', '53', NULL, NULL),
('17', NULL, '1', '62', NULL, NULL),
('18', NULL, '1', '65', NULL, NULL),
('19', NULL, '1', '69', NULL, NULL),
('20', NULL, '1', '163', NULL, NULL),
('21', NULL, '1', '154', NULL, NULL),
('22', NULL, '1', '158', NULL, NULL),
('23', NULL, '1', '167', NULL, NULL),
('24', NULL, '1', '172', NULL, NULL),
('25', NULL, '1', '175', NULL, NULL),
('26', NULL, '1', '109', NULL, NULL),
('27', NULL, '1', '114', NULL, NULL),
('28', NULL, '1', '117', NULL, NULL),
('29', NULL, '1', '132', NULL, NULL),
('30', NULL, '1', '131', NULL, NULL),
('31', NULL, '1', '128', NULL, NULL),
('32', NULL, '1', '123', NULL, NULL),
('33', NULL, '1', '145', NULL, NULL),
('34', NULL, '1', '141', NULL, NULL),
('35', NULL, '1', '143', NULL, NULL),
('36', NULL, '1', '136', NULL, NULL),
('37', NULL, '1', '137', NULL, NULL),
('38', NULL, '1', '138', NULL, NULL),
('39', NULL, '1', '146', '							', NULL),
('40', NULL, '1', '148', NULL, NULL),
('41', NULL, '1', '151', NULL, NULL),
('42', NULL, '1', '102', NULL, NULL),
('43', NULL, '1', '105', NULL, NULL),
('44', NULL, '1', '107', NULL, NULL),
('45', NULL, '1', '198', NULL, '1'),
('46', NULL, '1', '198', NULL, '2'),
('47', NULL, '1', '207', NULL, '1'),
('48', NULL, '1', '207', NULL, '2'),
('49', NULL, '1', '208', NULL, '1'),
('50', NULL, '1', '208', NULL, '2'),
('51', NULL, '1', '202', NULL, '1'),
('52', NULL, '1', '202', NULL, '2'),
('53', NULL, '1', '212', NULL, '1'),
('54', NULL, '1', '212', NULL, '2'),
('55', NULL, '1', '216', NULL, '1'),
('56', NULL, '1', '216', NULL, '2'),
('57', NULL, '1', '213', NULL, '1'),
('58', NULL, '1', '213', NULL, '2'),
('59', NULL, '1', '218', NULL, '1'),
('60', NULL, '1', '218', NULL, '2'),
('61', NULL, '1', '219', NULL, '1'),
('62', NULL, '1', '219', NULL, '2'),
('63', NULL, '1', '84', NULL, NULL),
('64', NULL, '1', '87', NULL, NULL),
('65', NULL, '1', '92', NULL, NULL),
('66', NULL, '1', '90', NULL, NULL),
('67', NULL, '1', '93', NULL, NULL),
('68', NULL, '1', '97', NULL, NULL),
('69', NULL, '1', '99', NULL, NULL),
('70', NULL, '1', '74', NULL, NULL),
('71', NULL, '1', '77', NULL, NULL),
('72', NULL, '1', '80', NULL, NULL),
('73', NULL, '1', '101', '							', NULL),
('74', NULL, '1', '179', NULL, NULL),
('75', NULL, '1', '181', NULL, NULL),
('76', NULL, '1', '183', NULL, NULL),
('77', NULL, '1', '184', NULL, NULL),
('78', NULL, '1', '188', NULL, NULL),
('79', NULL, '1', '190', NULL, NULL),
('80', NULL, '1', '194', NULL, NULL),
('81', NULL, '1', '196', '							', NULL),
('82', NULL, '1', '177', NULL, NULL),
('83', '1', '2', '14', NULL, NULL),
('84', '9', '2', '1', NULL, NULL),
('85', '48', '2', '31', NULL, NULL),
('86', NULL, '2', '10', NULL, NULL),
('87', NULL, '2', '5', NULL, NULL),
('88', NULL, '2', '19', NULL, NULL),
('89', NULL, '2', '22', NULL, NULL),
('90', NULL, '2', '23', NULL, NULL),
('91', NULL, '2', '27', NULL, NULL),
('92', NULL, '2', '34', 'Test árívztűrő tükörfúrógép', NULL),
('93', NULL, '2', '40', NULL, NULL),
('94', NULL, '2', '49', NULL, NULL),
('95', NULL, '2', '44', NULL, NULL),
('96', NULL, '2', '36', NULL, NULL),
('97', NULL, '2', '59', NULL, NULL),
('98', NULL, '2', '53', NULL, NULL),
('99', NULL, '2', '62', NULL, NULL),
('100', NULL, '2', '65', NULL, NULL),
('101', NULL, '2', '69', NULL, NULL),
('102', NULL, '2', '163', NULL, NULL),
('103', NULL, '2', '154', NULL, NULL),
('104', NULL, '2', '158', NULL, NULL),
('105', NULL, '2', '167', NULL, NULL),
('106', NULL, '2', '172', NULL, NULL),
('107', NULL, '2', '175', NULL, NULL),
('108', NULL, '2', '109', NULL, NULL),
('109', NULL, '2', '114', NULL, NULL),
('110', NULL, '2', '117', NULL, NULL),
('111', NULL, '2', '132', NULL, NULL),
('112', NULL, '2', '131', NULL, NULL),
('113', NULL, '2', '128', NULL, NULL),
('114', NULL, '2', '123', NULL, NULL),
('115', NULL, '2', '145', NULL, NULL),
('116', NULL, '2', '141', NULL, NULL),
('117', NULL, '2', '143', NULL, NULL),
('118', NULL, '2', '136', NULL, NULL),
('119', NULL, '2', '137', NULL, NULL),
('120', NULL, '2', '138', NULL, NULL),
('121', NULL, '2', '146', '							', NULL),
('122', NULL, '2', '148', NULL, NULL),
('123', NULL, '2', '151', NULL, NULL),
('124', NULL, '2', '102', NULL, NULL),
('125', NULL, '2', '105', NULL, NULL),
('126', NULL, '2', '107', NULL, NULL),
('127', NULL, '2', '198', NULL, '3'),
('128', NULL, '2', '198', NULL, '4'),
('129', NULL, '2', '207', NULL, '3'),
('130', NULL, '2', '207', NULL, '4'),
('131', NULL, '2', '208', NULL, '3'),
('132', NULL, '2', '208', NULL, '4'),
('133', NULL, '2', '202', NULL, '3'),
('134', NULL, '2', '202', NULL, '4'),
('135', NULL, '2', '212', NULL, '3'),
('136', NULL, '2', '212', NULL, '4'),
('137', NULL, '2', '216', NULL, '3'),
('138', NULL, '2', '216', NULL, '4'),
('139', NULL, '2', '213', NULL, '3'),
('140', NULL, '2', '213', NULL, '4'),
('141', NULL, '2', '218', NULL, '3'),
('142', NULL, '2', '218', NULL, '4'),
('143', NULL, '2', '219', NULL, '3'),
('144', NULL, '2', '219', NULL, '4'),
('145', NULL, '2', '84', NULL, NULL),
('146', NULL, '2', '87', NULL, NULL),
('147', NULL, '2', '92', NULL, NULL),
('148', NULL, '2', '90', NULL, NULL),
('149', NULL, '2', '93', NULL, NULL),
('150', NULL, '2', '97', NULL, NULL),
('151', NULL, '2', '99', NULL, NULL),
('152', NULL, '2', '74', NULL, NULL),
('153', NULL, '2', '77', NULL, NULL),
('154', NULL, '2', '80', NULL, NULL),
('155', NULL, '2', '101', '							', NULL),
('156', NULL, '2', '179', NULL, NULL),
('157', NULL, '2', '181', NULL, NULL),
('158', NULL, '2', '183', NULL, NULL),
('159', NULL, '2', '184', NULL, NULL),
('160', NULL, '2', '188', NULL, NULL),
('161', NULL, '2', '190', NULL, NULL),
('162', NULL, '2', '194', NULL, NULL),
('163', NULL, '2', '196', '							', NULL),
('164', NULL, '2', '177', NULL, NULL),
('165', '1', '3', '14', NULL, NULL),
('166', '9', '3', '1', NULL, NULL),
('167', '48', '3', '31', NULL, NULL),
('168', NULL, '3', '10', NULL, NULL),
('169', NULL, '3', '5', NULL, NULL),
('170', NULL, '3', '19', NULL, NULL),
('171', NULL, '3', '23', NULL, NULL),
('172', NULL, '3', '27', NULL, NULL),
('173', NULL, '3', '34', 'Test árívztűrő tükörfúrógép', NULL),
('174', NULL, '3', '40', NULL, NULL),
('175', NULL, '3', '49', NULL, NULL),
('176', NULL, '3', '44', NULL, NULL),
('177', NULL, '3', '36', NULL, NULL),
('178', NULL, '3', '59', NULL, NULL),
('179', NULL, '3', '53', NULL, NULL),
('180', NULL, '3', '62', NULL, NULL),
('181', NULL, '3', '65', NULL, NULL),
('182', NULL, '3', '69', NULL, NULL),
('183', NULL, '3', '163', NULL, NULL),
('184', NULL, '3', '154', NULL, NULL),
('185', NULL, '3', '158', NULL, NULL),
('186', NULL, '3', '167', NULL, NULL),
('187', NULL, '3', '175', NULL, NULL),
('188', NULL, '3', '109', NULL, NULL),
('189', NULL, '3', '114', NULL, NULL),
('190', NULL, '3', '117', NULL, NULL),
('191', NULL, '3', '132', NULL, NULL),
('192', NULL, '3', '131', NULL, NULL),
('193', NULL, '3', '128', NULL, NULL),
('194', NULL, '3', '123', NULL, NULL),
('195', NULL, '3', '145', NULL, NULL),
('196', NULL, '3', '141', NULL, NULL),
('197', NULL, '3', '143', NULL, NULL),
('198', NULL, '3', '137', NULL, NULL),
('199', NULL, '3', '138', NULL, NULL),
('200', NULL, '3', '146', '							', NULL),
('201', NULL, '3', '148', NULL, NULL),
('202', NULL, '3', '151', NULL, NULL),
('203', NULL, '3', '102', NULL, NULL),
('204', NULL, '3', '105', NULL, NULL),
('205', NULL, '3', '107', NULL, NULL),
('206', NULL, '3', '198', NULL, '5'),
('207', NULL, '3', '198', NULL, '6'),
('208', NULL, '3', '208', NULL, '5'),
('209', NULL, '3', '208', NULL, '6'),
('210', NULL, '3', '202', NULL, '5'),
('211', NULL, '3', '202', NULL, '6'),
('212', NULL, '3', '212', NULL, '5'),
('213', NULL, '3', '212', NULL, '6'),
('214', NULL, '3', '216', NULL, '5'),
('215', NULL, '3', '216', NULL, '6'),
('216', NULL, '3', '213', NULL, '5'),
('217', NULL, '3', '213', NULL, '6'),
('218', NULL, '3', '218', NULL, '5'),
('219', NULL, '3', '218', NULL, '6'),
('220', NULL, '3', '219', NULL, '5'),
('221', NULL, '3', '219', NULL, '6'),
('222', NULL, '3', '84', NULL, NULL),
('223', NULL, '3', '87', NULL, NULL),
('224', NULL, '3', '92', NULL, NULL),
('225', NULL, '3', '90', NULL, NULL),
('226', NULL, '3', '93', NULL, NULL),
('227', NULL, '3', '97', NULL, NULL),
('228', NULL, '3', '99', NULL, NULL),
('229', NULL, '3', '74', NULL, NULL),
('230', NULL, '3', '77', NULL, NULL),
('231', NULL, '3', '80', NULL, NULL),
('232', NULL, '3', '101', '							', NULL),
('233', NULL, '3', '179', NULL, NULL),
('234', NULL, '3', '181', NULL, NULL),
('235', NULL, '3', '183', NULL, NULL),
('236', NULL, '3', '184', NULL, NULL),
('237', NULL, '3', '188', NULL, NULL),
('238', NULL, '3', '190', NULL, NULL),
('239', NULL, '3', '194', NULL, NULL),
('240', NULL, '3', '196', '							', NULL),
('241', NULL, '3', '177', NULL, NULL),
('242', '1', '4', '14', NULL, NULL),
('243', '9', '4', '1', NULL, NULL),
('244', '48', '4', '31', NULL, NULL),
('245', NULL, '4', '10', NULL, NULL),
('246', NULL, '4', '5', NULL, NULL),
('247', NULL, '4', '19', NULL, NULL),
('248', NULL, '4', '23', NULL, NULL),
('249', NULL, '4', '27', NULL, NULL),
('250', NULL, '4', '34', 'Test árívztűrő tükörfúrógép', NULL),
('251', NULL, '4', '40', NULL, NULL),
('252', NULL, '4', '49', NULL, NULL),
('253', NULL, '4', '44', NULL, NULL),
('254', NULL, '4', '36', NULL, NULL),
('255', NULL, '4', '59', NULL, NULL),
('256', NULL, '4', '53', NULL, NULL),
('257', NULL, '4', '62', NULL, NULL),
('258', NULL, '4', '65', NULL, NULL),
('259', NULL, '4', '69', NULL, NULL),
('260', NULL, '4', '163', NULL, NULL),
('261', NULL, '4', '154', NULL, NULL),
('262', NULL, '4', '158', NULL, NULL),
('263', NULL, '4', '167', NULL, NULL),
('264', NULL, '4', '175', NULL, NULL),
('265', NULL, '4', '109', NULL, NULL),
('266', NULL, '4', '114', NULL, NULL),
('267', NULL, '4', '117', NULL, NULL),
('268', NULL, '4', '132', NULL, NULL),
('269', NULL, '4', '131', NULL, NULL),
('270', NULL, '4', '128', NULL, NULL),
('271', NULL, '4', '123', NULL, NULL),
('272', NULL, '4', '145', NULL, NULL),
('273', NULL, '4', '141', NULL, NULL),
('274', NULL, '4', '143', NULL, NULL),
('275', NULL, '4', '137', NULL, NULL),
('276', NULL, '4', '138', NULL, NULL),
('277', NULL, '4', '146', '							', NULL),
('278', NULL, '4', '148', NULL, NULL),
('279', NULL, '4', '151', NULL, NULL),
('280', NULL, '4', '102', NULL, NULL),
('281', NULL, '4', '105', NULL, NULL),
('282', NULL, '4', '107', NULL, NULL),
('283', NULL, '4', '198', NULL, '7'),
('284', NULL, '4', '198', NULL, '8'),
('285', NULL, '4', '208', NULL, '7'),
('286', NULL, '4', '208', NULL, '8'),
('287', NULL, '4', '202', NULL, '7'),
('288', NULL, '4', '202', NULL, '8'),
('289', NULL, '4', '212', NULL, '7'),
('290', NULL, '4', '212', NULL, '8'),
('291', NULL, '4', '216', NULL, '7'),
('292', NULL, '4', '216', NULL, '8'),
('293', NULL, '4', '213', NULL, '7'),
('294', NULL, '4', '213', NULL, '8'),
('295', NULL, '4', '218', NULL, '7'),
('296', NULL, '4', '218', NULL, '8'),
('297', NULL, '4', '219', NULL, '7'),
('298', NULL, '4', '219', NULL, '8'),
('299', NULL, '4', '84', NULL, NULL),
('300', NULL, '4', '87', NULL, NULL),
('301', NULL, '4', '92', NULL, NULL),
('302', NULL, '4', '90', NULL, NULL),
('303', NULL, '4', '93', NULL, NULL),
('304', NULL, '4', '97', NULL, NULL),
('305', NULL, '4', '99', NULL, NULL),
('306', NULL, '4', '74', NULL, NULL),
('307', NULL, '4', '77', NULL, NULL),
('308', NULL, '4', '80', NULL, NULL),
('309', NULL, '4', '101', '							', NULL),
('310', NULL, '4', '179', NULL, NULL),
('311', NULL, '4', '181', NULL, NULL),
('312', NULL, '4', '183', NULL, NULL),
('313', NULL, '4', '184', NULL, NULL),
('314', NULL, '4', '188', NULL, NULL),
('315', NULL, '4', '190', NULL, NULL),
('316', NULL, '4', '194', NULL, NULL),
('317', NULL, '4', '196', '							', NULL),
('318', NULL, '4', '177', NULL, NULL),
('319', '1', '5', '14', NULL, NULL),
('320', '3', '5', '1', NULL, NULL),
('321', '4', '5', '31', NULL, NULL),
('322', NULL, '5', '10', NULL, NULL),
('323', NULL, '5', '5', NULL, NULL),
('324', NULL, '5', '19', NULL, NULL),
('325', NULL, '5', '23', NULL, NULL),
('326', NULL, '5', '27', NULL, NULL),
('327', NULL, '5', '34', 'Test árívztűrő tükörfúrógép', NULL),
('328', NULL, '5', '40', NULL, NULL),
('329', NULL, '5', '49', NULL, NULL),
('330', NULL, '5', '44', NULL, NULL),
('331', NULL, '5', '36', NULL, NULL),
('332', NULL, '5', '59', NULL, NULL),
('333', NULL, '5', '53', NULL, NULL),
('334', NULL, '5', '62', NULL, NULL),
('335', NULL, '5', '65', NULL, NULL),
('336', NULL, '5', '69', NULL, NULL),
('337', NULL, '5', '163', NULL, NULL),
('338', NULL, '5', '154', NULL, NULL),
('339', NULL, '5', '158', NULL, NULL),
('340', NULL, '5', '167', NULL, NULL),
('341', NULL, '5', '175', NULL, NULL),
('342', NULL, '5', '109', NULL, NULL),
('343', NULL, '5', '114', NULL, NULL),
('344', NULL, '5', '117', NULL, NULL),
('345', NULL, '5', '132', NULL, NULL),
('346', NULL, '5', '131', NULL, NULL),
('347', NULL, '5', '128', NULL, NULL),
('348', NULL, '5', '123', NULL, NULL),
('349', NULL, '5', '145', NULL, NULL),
('350', NULL, '5', '141', NULL, NULL),
('351', NULL, '5', '143', NULL, NULL),
('352', NULL, '5', '137', NULL, NULL),
('353', NULL, '5', '138', NULL, NULL),
('354', NULL, '5', '146', '							', NULL),
('355', NULL, '5', '148', NULL, NULL),
('356', NULL, '5', '151', NULL, NULL),
('357', NULL, '5', '102', NULL, NULL),
('358', NULL, '5', '105', NULL, NULL),
('359', NULL, '5', '107', NULL, NULL),
('360', NULL, '5', '198', NULL, '9'),
('361', NULL, '5', '198', NULL, '10'),
('362', NULL, '5', '208', NULL, '9'),
('363', NULL, '5', '208', NULL, '10'),
('364', NULL, '5', '202', NULL, '9'),
('365', NULL, '5', '202', NULL, '10'),
('366', NULL, '5', '212', NULL, '9'),
('367', NULL, '5', '212', NULL, '10'),
('368', NULL, '5', '216', NULL, '9'),
('369', NULL, '5', '216', NULL, '10'),
('370', NULL, '5', '213', NULL, '9'),
('371', NULL, '5', '213', NULL, '10'),
('372', NULL, '5', '218', NULL, '9'),
('373', NULL, '5', '218', NULL, '10'),
('374', NULL, '5', '219', NULL, '9'),
('375', NULL, '5', '219', NULL, '10'),
('376', NULL, '5', '84', NULL, NULL),
('377', NULL, '5', '87', NULL, NULL),
('378', NULL, '5', '92', NULL, NULL),
('379', NULL, '5', '90', NULL, NULL),
('380', NULL, '5', '93', NULL, NULL),
('381', NULL, '5', '97', NULL, NULL),
('382', NULL, '5', '99', NULL, NULL),
('383', NULL, '5', '74', NULL, NULL),
('384', NULL, '5', '77', NULL, NULL),
('385', NULL, '5', '80', NULL, NULL),
('386', NULL, '5', '101', '							', NULL),
('387', NULL, '5', '179', NULL, NULL),
('388', NULL, '5', '181', NULL, NULL),
('389', NULL, '5', '183', NULL, NULL),
('390', NULL, '5', '184', NULL, NULL),
('391', NULL, '5', '188', NULL, NULL),
('392', NULL, '5', '190', NULL, NULL),
('393', NULL, '5', '194', NULL, NULL),
('394', NULL, '5', '196', '							', NULL),
('395', NULL, '5', '177', NULL, NULL),
('396', '1', '6', '14', NULL, NULL),
('397', '9', '6', '1', NULL, NULL),
('398', '48', '6', '31', NULL, NULL),
('399', NULL, '6', '10', NULL, NULL),
('400', NULL, '6', '5', NULL, NULL),
('401', NULL, '6', '19', NULL, NULL),
('402', NULL, '6', '23', NULL, NULL),
('403', NULL, '6', '27', NULL, NULL),
('404', NULL, '6', '34', 'Test árívztűrő tükörfúrógép', NULL),
('405', NULL, '6', '40', NULL, NULL),
('406', NULL, '6', '49', NULL, NULL),
('407', NULL, '6', '44', NULL, NULL),
('408', NULL, '6', '36', NULL, NULL),
('409', NULL, '6', '59', NULL, NULL),
('410', NULL, '6', '53', NULL, NULL),
('411', NULL, '6', '62', NULL, NULL),
('412', NULL, '6', '65', NULL, NULL),
('413', NULL, '6', '69', NULL, NULL),
('414', NULL, '6', '163', NULL, NULL),
('415', NULL, '6', '154', NULL, NULL),
('416', NULL, '6', '158', NULL, NULL),
('417', NULL, '6', '167', NULL, NULL),
('418', NULL, '6', '175', NULL, NULL),
('419', NULL, '6', '109', NULL, NULL),
('420', NULL, '6', '114', NULL, NULL),
('421', NULL, '6', '117', NULL, NULL),
('422', NULL, '6', '132', NULL, NULL),
('423', NULL, '6', '131', NULL, NULL),
('424', NULL, '6', '128', NULL, NULL),
('425', NULL, '6', '123', NULL, NULL),
('426', NULL, '6', '145', NULL, NULL),
('427', NULL, '6', '141', NULL, NULL),
('428', NULL, '6', '143', NULL, NULL),
('429', NULL, '6', '137', NULL, NULL),
('430', NULL, '6', '138', NULL, NULL),
('431', NULL, '6', '146', '							', NULL),
('432', NULL, '6', '148', NULL, NULL),
('433', NULL, '6', '151', NULL, NULL),
('434', NULL, '6', '102', NULL, NULL),
('435', NULL, '6', '105', NULL, NULL),
('436', NULL, '6', '107', NULL, NULL),
('437', NULL, '6', '198', NULL, '11'),
('438', NULL, '6', '198', NULL, '12'),
('439', NULL, '6', '208', NULL, '11'),
('440', NULL, '6', '208', NULL, '12'),
('441', NULL, '6', '202', NULL, '11'),
('442', NULL, '6', '202', NULL, '12'),
('443', NULL, '6', '212', NULL, '11'),
('444', NULL, '6', '212', NULL, '12'),
('445', NULL, '6', '216', NULL, '11'),
('446', NULL, '6', '216', NULL, '12'),
('447', NULL, '6', '213', NULL, '11'),
('448', NULL, '6', '213', NULL, '12'),
('449', NULL, '6', '218', NULL, '11'),
('450', NULL, '6', '218', NULL, '12'),
('451', NULL, '6', '219', NULL, '11'),
('452', NULL, '6', '219', NULL, '12'),
('453', NULL, '6', '84', NULL, NULL),
('454', NULL, '6', '87', NULL, NULL),
('455', NULL, '6', '92', NULL, NULL),
('456', NULL, '6', '90', NULL, NULL),
('457', NULL, '6', '93', NULL, NULL),
('458', NULL, '6', '97', NULL, NULL),
('459', NULL, '6', '99', NULL, NULL),
('460', NULL, '6', '74', NULL, NULL),
('461', NULL, '6', '77', NULL, NULL),
('462', NULL, '6', '80', NULL, NULL),
('463', NULL, '6', '101', '							', NULL),
('464', NULL, '6', '179', NULL, NULL),
('465', NULL, '6', '181', NULL, NULL),
('466', NULL, '6', '183', NULL, NULL),
('467', NULL, '6', '184', NULL, NULL),
('468', NULL, '6', '188', NULL, NULL),
('469', NULL, '6', '190', NULL, NULL),
('470', NULL, '6', '194', NULL, NULL),
('471', NULL, '6', '196', '							', NULL),
('472', NULL, '6', '177', NULL, NULL),
('473', '1', '8', '14', NULL, NULL),
('474', '9', '8', '1', NULL, NULL),
('475', '48', '8', '31', NULL, NULL),
('476', NULL, '8', '10', NULL, NULL),
('477', NULL, '8', '5', NULL, NULL),
('478', NULL, '8', '19', NULL, NULL),
('479', NULL, '8', '23', NULL, NULL),
('480', NULL, '8', '27', NULL, NULL),
('481', NULL, '8', '34', 'Test árívztűrő tükörfúrógép', NULL),
('482', NULL, '8', '40', NULL, NULL),
('483', NULL, '8', '49', NULL, NULL),
('484', NULL, '8', '44', NULL, NULL),
('485', NULL, '8', '36', NULL, NULL),
('486', NULL, '8', '59', NULL, NULL),
('487', NULL, '8', '53', NULL, NULL),
('488', NULL, '8', '62', NULL, NULL),
('489', NULL, '8', '65', NULL, NULL),
('490', NULL, '8', '69', NULL, NULL),
('491', NULL, '8', '163', NULL, NULL),
('492', NULL, '8', '154', NULL, NULL),
('493', NULL, '8', '158', NULL, NULL),
('494', NULL, '8', '167', NULL, NULL),
('495', NULL, '8', '175', NULL, NULL),
('496', NULL, '8', '109', NULL, NULL),
('497', NULL, '8', '114', NULL, NULL),
('498', NULL, '8', '117', NULL, NULL),
('499', NULL, '8', '132', NULL, NULL),
('500', NULL, '8', '131', NULL, NULL);

INSERT INTO `user_commitment_options` (`id`, `months`, `user_commitment_fill_id`, `commitment_option_id`, `custom_input`, `instance_id`) VALUES
('501', NULL, '8', '128', NULL, NULL),
('502', NULL, '8', '123', NULL, NULL),
('503', NULL, '8', '145', NULL, NULL),
('504', NULL, '8', '141', NULL, NULL),
('505', NULL, '8', '143', NULL, NULL),
('506', NULL, '8', '137', NULL, NULL),
('507', NULL, '8', '138', NULL, NULL),
('508', NULL, '8', '146', '							', NULL),
('509', NULL, '8', '148', NULL, NULL),
('510', NULL, '8', '151', NULL, NULL),
('511', NULL, '8', '102', NULL, NULL),
('512', NULL, '8', '105', NULL, NULL),
('513', NULL, '8', '107', NULL, NULL),
('514', NULL, '8', '198', NULL, '13'),
('515', NULL, '8', '198', NULL, '14'),
('516', NULL, '8', '208', NULL, '13'),
('517', NULL, '8', '208', NULL, '14'),
('518', NULL, '8', '202', NULL, '13'),
('519', NULL, '8', '202', NULL, '14'),
('520', NULL, '8', '212', NULL, '13'),
('521', NULL, '8', '212', NULL, '14'),
('522', NULL, '8', '216', NULL, '13'),
('523', NULL, '8', '216', NULL, '14'),
('524', NULL, '8', '213', NULL, '13'),
('525', NULL, '8', '213', NULL, '14'),
('526', NULL, '8', '218', NULL, '13'),
('527', NULL, '8', '218', NULL, '14'),
('528', NULL, '8', '219', NULL, '13'),
('529', NULL, '8', '219', NULL, '14'),
('530', NULL, '8', '84', NULL, NULL),
('531', NULL, '8', '87', NULL, NULL),
('532', NULL, '8', '92', NULL, NULL),
('533', NULL, '8', '90', NULL, NULL),
('534', NULL, '8', '93', NULL, NULL),
('535', NULL, '8', '97', NULL, NULL),
('536', NULL, '8', '99', NULL, NULL),
('537', NULL, '8', '74', NULL, NULL),
('538', NULL, '8', '77', NULL, NULL),
('539', NULL, '8', '80', NULL, NULL),
('540', NULL, '8', '101', '							', NULL),
('541', NULL, '8', '179', NULL, NULL),
('542', NULL, '8', '181', NULL, NULL),
('543', NULL, '8', '183', NULL, NULL),
('544', NULL, '8', '184', NULL, NULL),
('545', NULL, '8', '188', NULL, NULL),
('546', NULL, '8', '190', NULL, NULL),
('547', NULL, '8', '194', NULL, NULL),
('548', NULL, '8', '196', '							', NULL),
('549', NULL, '8', '177', NULL, NULL),
('550', '1', '9', '14', NULL, NULL),
('551', '9', '9', '1', NULL, NULL),
('552', '48', '9', '31', NULL, NULL),
('553', NULL, '9', '10', NULL, NULL),
('554', NULL, '9', '5', NULL, NULL),
('555', NULL, '9', '19', NULL, NULL),
('556', NULL, '9', '23', NULL, NULL),
('557', NULL, '9', '27', NULL, NULL),
('558', NULL, '9', '34', 'Test árívztűrő tükörfúrógép', NULL),
('559', NULL, '9', '40', NULL, NULL),
('560', NULL, '9', '49', NULL, NULL),
('561', NULL, '9', '44', NULL, NULL),
('562', NULL, '9', '36', NULL, NULL),
('563', NULL, '9', '59', NULL, NULL),
('564', NULL, '9', '53', NULL, NULL),
('565', NULL, '9', '62', NULL, NULL),
('566', NULL, '9', '65', NULL, NULL),
('567', NULL, '9', '69', NULL, NULL),
('568', NULL, '9', '163', NULL, NULL),
('569', NULL, '9', '154', NULL, NULL),
('570', NULL, '9', '158', NULL, NULL),
('571', NULL, '9', '167', NULL, NULL),
('572', NULL, '9', '175', NULL, NULL),
('573', NULL, '9', '109', NULL, NULL),
('574', NULL, '9', '114', NULL, NULL),
('575', NULL, '9', '117', NULL, NULL),
('576', NULL, '9', '132', NULL, NULL),
('577', NULL, '9', '131', NULL, NULL),
('578', NULL, '9', '128', NULL, NULL),
('579', NULL, '9', '123', NULL, NULL),
('580', NULL, '9', '145', NULL, NULL),
('581', NULL, '9', '141', NULL, NULL),
('582', NULL, '9', '143', NULL, NULL),
('583', NULL, '9', '137', NULL, NULL),
('584', NULL, '9', '138', NULL, NULL),
('585', NULL, '9', '146', '							', NULL),
('586', NULL, '9', '148', NULL, NULL),
('587', NULL, '9', '151', NULL, NULL),
('588', NULL, '9', '102', NULL, NULL),
('589', NULL, '9', '105', NULL, NULL),
('590', NULL, '9', '107', NULL, NULL),
('591', NULL, '9', '198', NULL, '15'),
('592', NULL, '9', '198', NULL, '16'),
('593', NULL, '9', '208', NULL, '15'),
('594', NULL, '9', '208', NULL, '16'),
('595', NULL, '9', '202', NULL, '15'),
('596', NULL, '9', '202', NULL, '16'),
('597', NULL, '9', '212', NULL, '15'),
('598', NULL, '9', '212', NULL, '16'),
('599', NULL, '9', '216', NULL, '15'),
('600', NULL, '9', '216', NULL, '16'),
('601', NULL, '9', '213', NULL, '15'),
('602', NULL, '9', '213', NULL, '16'),
('603', NULL, '9', '218', NULL, '15'),
('604', NULL, '9', '218', NULL, '16'),
('605', NULL, '9', '219', NULL, '15'),
('606', NULL, '9', '219', NULL, '16'),
('607', NULL, '9', '84', NULL, NULL),
('608', NULL, '9', '87', NULL, NULL),
('609', NULL, '9', '92', NULL, NULL),
('610', NULL, '9', '90', NULL, NULL),
('611', NULL, '9', '93', NULL, NULL),
('612', NULL, '9', '97', NULL, NULL),
('613', NULL, '9', '99', NULL, NULL),
('614', NULL, '9', '74', NULL, NULL),
('615', NULL, '9', '77', NULL, NULL),
('616', NULL, '9', '80', NULL, NULL),
('617', NULL, '9', '101', '							', NULL),
('618', NULL, '9', '179', NULL, NULL),
('619', NULL, '9', '181', NULL, NULL),
('620', NULL, '9', '183', NULL, NULL),
('621', NULL, '9', '184', NULL, NULL),
('622', NULL, '9', '188', NULL, NULL),
('623', NULL, '9', '190', NULL, NULL),
('624', NULL, '9', '194', NULL, NULL),
('625', NULL, '9', '196', '							', NULL),
('626', NULL, '9', '177', NULL, NULL),
('627', '1', '10', '14', NULL, NULL),
('628', '9', '10', '1', NULL, NULL),
('629', '48', '10', '31', NULL, NULL),
('630', NULL, '10', '10', NULL, NULL),
('631', NULL, '10', '5', NULL, NULL),
('632', NULL, '10', '19', NULL, NULL),
('633', NULL, '10', '23', NULL, NULL),
('634', NULL, '10', '27', NULL, NULL),
('635', NULL, '10', '34', 'Test árívztűrő tükörfúrógép', NULL),
('636', NULL, '10', '40', NULL, NULL),
('637', NULL, '10', '49', NULL, NULL),
('638', NULL, '10', '44', NULL, NULL),
('639', NULL, '10', '36', NULL, NULL),
('640', NULL, '10', '59', NULL, NULL),
('641', NULL, '10', '53', NULL, NULL),
('642', NULL, '10', '62', NULL, NULL),
('643', NULL, '10', '65', NULL, NULL),
('644', NULL, '10', '69', NULL, NULL),
('645', NULL, '10', '163', NULL, NULL),
('646', NULL, '10', '154', NULL, NULL),
('647', NULL, '10', '158', NULL, NULL),
('648', NULL, '10', '167', NULL, NULL),
('649', NULL, '10', '175', NULL, NULL),
('650', NULL, '10', '109', NULL, NULL),
('651', NULL, '10', '114', NULL, NULL),
('652', NULL, '10', '117', NULL, NULL),
('653', NULL, '10', '132', NULL, NULL),
('654', NULL, '10', '131', NULL, NULL),
('655', NULL, '10', '128', NULL, NULL),
('656', NULL, '10', '123', NULL, NULL),
('657', NULL, '10', '145', NULL, NULL),
('658', NULL, '10', '141', NULL, NULL),
('659', NULL, '10', '143', NULL, NULL),
('660', NULL, '10', '137', NULL, NULL),
('661', NULL, '10', '138', NULL, NULL),
('662', NULL, '10', '146', '							', NULL),
('663', NULL, '10', '148', NULL, NULL),
('664', NULL, '10', '151', NULL, NULL),
('665', NULL, '10', '102', NULL, NULL),
('666', NULL, '10', '105', NULL, NULL),
('667', NULL, '10', '107', NULL, NULL),
('668', NULL, '10', '198', NULL, '17'),
('669', NULL, '10', '198', NULL, '18'),
('670', NULL, '10', '208', NULL, '17'),
('671', NULL, '10', '208', NULL, '18'),
('672', NULL, '10', '202', NULL, '17'),
('673', NULL, '10', '202', NULL, '18'),
('674', NULL, '10', '212', NULL, '17'),
('675', NULL, '10', '212', NULL, '18'),
('676', NULL, '10', '216', NULL, '17'),
('677', NULL, '10', '216', NULL, '18'),
('678', NULL, '10', '213', NULL, '17'),
('679', NULL, '10', '213', NULL, '18'),
('680', NULL, '10', '218', NULL, '17'),
('681', NULL, '10', '218', NULL, '18'),
('682', NULL, '10', '219', NULL, '17'),
('683', NULL, '10', '219', NULL, '18'),
('684', NULL, '10', '84', NULL, NULL),
('685', NULL, '10', '87', NULL, NULL),
('686', NULL, '10', '92', NULL, NULL),
('687', NULL, '10', '90', NULL, NULL),
('688', NULL, '10', '93', NULL, NULL),
('689', NULL, '10', '97', NULL, NULL),
('690', NULL, '10', '99', NULL, NULL),
('691', NULL, '10', '74', NULL, NULL),
('692', NULL, '10', '77', NULL, NULL),
('693', NULL, '10', '80', NULL, NULL),
('694', NULL, '10', '101', '							', NULL),
('695', NULL, '10', '179', NULL, NULL),
('696', NULL, '10', '181', NULL, NULL),
('697', NULL, '10', '183', NULL, NULL),
('698', NULL, '10', '184', NULL, NULL),
('699', NULL, '10', '188', NULL, NULL),
('700', NULL, '10', '190', NULL, NULL),
('701', NULL, '10', '194', NULL, NULL),
('702', NULL, '10', '196', '							', NULL),
('703', NULL, '10', '177', NULL, NULL),
('704', '1', '11', '14', NULL, NULL),
('705', '9', '11', '1', NULL, NULL),
('706', '48', '11', '31', NULL, NULL),
('707', NULL, '11', '10', NULL, NULL),
('708', NULL, '11', '5', NULL, NULL),
('709', NULL, '11', '19', NULL, NULL),
('710', NULL, '11', '23', NULL, NULL),
('711', NULL, '11', '27', NULL, NULL),
('712', NULL, '11', '34', 'Test árívztűrő tükörfúrógép', NULL),
('713', NULL, '11', '40', NULL, NULL),
('714', NULL, '11', '49', NULL, NULL),
('715', NULL, '11', '44', NULL, NULL),
('716', NULL, '11', '36', NULL, NULL),
('717', NULL, '11', '59', NULL, NULL),
('718', NULL, '11', '53', NULL, NULL),
('719', NULL, '11', '62', NULL, NULL),
('720', NULL, '11', '65', NULL, NULL),
('721', NULL, '11', '69', NULL, NULL),
('722', NULL, '11', '163', NULL, NULL),
('723', NULL, '11', '154', NULL, NULL),
('724', NULL, '11', '158', NULL, NULL),
('725', NULL, '11', '167', NULL, NULL),
('726', NULL, '11', '175', NULL, NULL),
('727', NULL, '11', '109', NULL, NULL),
('728', NULL, '11', '114', NULL, NULL),
('729', NULL, '11', '117', NULL, NULL),
('730', NULL, '11', '132', NULL, NULL),
('731', NULL, '11', '131', NULL, NULL),
('732', NULL, '11', '128', NULL, NULL),
('733', NULL, '11', '123', NULL, NULL),
('734', NULL, '11', '145', NULL, NULL),
('735', NULL, '11', '141', NULL, NULL),
('736', NULL, '11', '143', NULL, NULL),
('737', NULL, '11', '137', NULL, NULL),
('738', NULL, '11', '138', NULL, NULL),
('739', NULL, '11', '146', '							', NULL),
('740', NULL, '11', '148', NULL, NULL),
('741', NULL, '11', '151', NULL, NULL),
('742', NULL, '11', '102', NULL, NULL),
('743', NULL, '11', '105', NULL, NULL),
('744', NULL, '11', '107', NULL, NULL),
('745', NULL, '11', '198', NULL, '19'),
('746', NULL, '11', '198', NULL, '20'),
('747', NULL, '11', '208', NULL, '19'),
('748', NULL, '11', '208', NULL, '20'),
('749', NULL, '11', '202', NULL, '19'),
('750', NULL, '11', '202', NULL, '20'),
('751', NULL, '11', '212', NULL, '19'),
('752', NULL, '11', '212', NULL, '20'),
('753', NULL, '11', '216', NULL, '19'),
('754', NULL, '11', '216', NULL, '20'),
('755', NULL, '11', '213', NULL, '19'),
('756', NULL, '11', '213', NULL, '20'),
('757', NULL, '11', '218', NULL, '19'),
('758', NULL, '11', '218', NULL, '20'),
('759', NULL, '11', '219', NULL, '19'),
('760', NULL, '11', '219', NULL, '20'),
('761', NULL, '11', '84', NULL, NULL),
('762', NULL, '11', '87', NULL, NULL),
('763', NULL, '11', '92', NULL, NULL),
('764', NULL, '11', '90', NULL, NULL),
('765', NULL, '11', '93', NULL, NULL),
('766', NULL, '11', '97', NULL, NULL),
('767', NULL, '11', '99', NULL, NULL),
('768', NULL, '11', '74', NULL, NULL),
('769', NULL, '11', '77', NULL, NULL),
('770', NULL, '11', '80', NULL, NULL),
('771', NULL, '11', '101', '							', NULL),
('772', NULL, '11', '179', NULL, NULL),
('773', NULL, '11', '181', NULL, NULL),
('774', NULL, '11', '183', NULL, NULL),
('775', NULL, '11', '184', NULL, NULL),
('776', NULL, '11', '188', NULL, NULL),
('777', NULL, '11', '190', NULL, NULL),
('778', NULL, '11', '194', NULL, NULL),
('779', NULL, '11', '196', '							', NULL),
('780', NULL, '11', '177', NULL, NULL);

INSERT INTO `user_question_answer_instances` (`id`, `name`, `question_category_id`) VALUES
('7', 'Ép 1', '6'),
('8', 'Ép 2', '6'),
('13', '0', '6'),
('14', '1', '6'),
('15', '0', '6'),
('16', '1', '6');

INSERT INTO `user_question_answers` (`id`, `user_question_fill_id`, `question_option_id`, `custom_input`, `instance_id`) VALUES
('273', '15', '1', NULL, NULL),
('274', '15', '6', NULL, NULL),
('275', '15', '10', NULL, NULL),
('276', '15', '15', NULL, NULL),
('277', '15', '18', NULL, NULL),
('278', '15', '19', NULL, NULL),
('279', '15', '23', NULL, NULL),
('280', '15', '27', NULL, NULL),
('281', '15', '31', NULL, NULL),
('282', '15', '34', 'Nem', NULL),
('283', '15', '36', NULL, NULL),
('284', '15', '41', NULL, NULL),
('285', '15', '45', NULL, NULL),
('286', '15', '51', NULL, NULL),
('287', '15', '53', NULL, NULL),
('288', '15', '56', NULL, NULL),
('289', '15', '58', NULL, NULL),
('290', '15', '62', NULL, NULL),
('291', '15', '66', NULL, NULL),
('292', '15', '72', NULL, NULL),
('293', '15', '77', NULL, NULL),
('294', '15', '80', NULL, NULL),
('295', '15', '83', NULL, NULL),
('296', '15', '87', NULL, NULL),
('297', '15', '92', NULL, NULL),
('298', '15', '96', NULL, NULL),
('299', '15', '101', NULL, NULL),
('300', '15', '104', NULL, NULL),
('301', '15', '106', NULL, NULL),
('302', '15', '108', NULL, NULL),
('303', '15', '109', NULL, NULL),
('304', '15', '112', NULL, NULL),
('305', '15', '116', NULL, NULL),
('306', '15', '119', NULL, NULL),
('307', '15', '123', 'test', NULL),
('308', '15', '125', NULL, NULL),
('309', '15', '128', NULL, NULL),
('310', '15', '130', NULL, NULL),
('311', '15', '135', NULL, NULL),
('312', '15', '137', NULL, NULL),
('313', '15', '138', NULL, NULL),
('314', '15', '142', NULL, NULL),
('315', '15', '144', NULL, NULL),
('316', '15', '146', 'test', NULL),
('317', '15', '152', NULL, NULL),
('318', '15', '173', NULL, NULL),
('319', '15', '176', NULL, NULL),
('320', '15', '179', NULL, NULL),
('321', '15', '181', NULL, NULL),
('322', '15', '183', NULL, NULL),
('323', '15', '184', NULL, NULL),
('324', '15', '187', NULL, NULL),
('325', '15', '188', NULL, NULL),
('326', '15', '191', NULL, NULL),
('327', '15', '192', NULL, NULL),
('328', '15', '195', NULL, NULL),
('329', '15', '196', NULL, NULL),
('330', '15', '198', 'test2', NULL),
('331', '15', '154', NULL, '7'),
('332', '15', '154', NULL, '8'),
('333', '15', '158', NULL, '7'),
('334', '15', '158', NULL, '8'),
('335', '15', '163', NULL, '7'),
('336', '15', '163', NULL, '8'),
('337', '15', '167', NULL, '7'),
('338', '15', '167', NULL, '8'),
('339', '15', '172', NULL, '7'),
('340', '15', '171', NULL, '8'),
('341', '15', '200', NULL, NULL),
('342', '15', '202', NULL, NULL),
('343', '15', '203', NULL, NULL),
('344', '15', '207', NULL, NULL),
('345', '15', '209', NULL, NULL),
('346', '15', '213', NULL, NULL),
('347', '15', '215', NULL, NULL),
('348', '15', '218', 'test4', NULL),
('349', '18', '1', NULL, NULL),
('350', '18', '6', NULL, NULL),
('351', '18', '34', NULL, NULL),
('352', '18', '123', NULL, NULL),
('353', '18', '146', NULL, NULL),
('354', '18', '198', NULL, NULL),
('355', '18', '153', NULL, '13'),
('356', '18', '155', NULL, '14'),
('357', '18', '158', NULL, '13'),
('358', '18', '160', NULL, '14'),
('359', '18', '218', NULL, NULL),
('360', '19', '34', NULL, NULL),
('361', '19', '123', NULL, NULL),
('362', '19', '146', NULL, NULL),
('363', '19', '198', NULL, NULL),
('364', '19', '218', NULL, NULL);

INSERT INTO `user_question_fills` (`id`, `user_id`, `date`, `org_type`) VALUES
('15', '1', '2020-05-31 16:04:06', '1'),
('18', '1', '2020-06-21 18:16:38', '1'),
('19', '1', '2020-07-05 08:30:08', '1');

INSERT INTO `users` (`id`, `email`, `name`, `password`, `auth_key`, `password_reset_token`, `created_at`, `updated_at`, `is_admin`, `organization_id`, `is_approved_admin`, `is_approved_boss`) VALUES
('1', 'catchke2ro@miheztarto.hu', 'Bálint Ádám', '$2y$13$CBJIj9uUyiVQVBkSIJgofO7znZpjx1WtwAjy/VMvlExPnldegx/rC', 'NmXeJeqMAVGr2mqcJytu6JL2tS8zuTIQ', NULL, '2020-03-31 19:25:54', '2020-03-31 19:25:54', '1', '1', '0', '0');



/*!40101 SET SQL_MODE=@OLD_SQL_MODE */;
/*!40014 SET FOREIGN_KEY_CHECKS=@OLD_FOREIGN_KEY_CHECKS */;
/*!40014 SET UNIQUE_CHECKS=@OLD_UNIQUE_CHECKS */;
/*!40101 SET CHARACTER_SET_CLIENT=@OLD_CHARACTER_SET_CLIENT */;
/*!40101 SET CHARACTER_SET_RESULTS=@OLD_CHARACTER_SET_RESULTS */;
/*!40101 SET COLLATION_CONNECTION=@OLD_COLLATION_CONNECTION */;
/*!40111 SET SQL_NOTES=@OLD_SQL_NOTES */;