-- -------------------------------------------------------------
-- TablePlus 3.8.0(336)
--
-- https://tableplus.com/
--
-- Database: yii2tst
-- Generation Time: 2020-08-28 17:07:35.9390
-- -------------------------------------------------------------


/*!40101 SET @OLD_CHARACTER_SET_CLIENT=@@CHARACTER_SET_CLIENT */;
/*!40101 SET @OLD_CHARACTER_SET_RESULTS=@@CHARACTER_SET_RESULTS */;
/*!40101 SET @OLD_COLLATION_CONNECTION=@@COLLATION_CONNECTION */;
/*!40101 SET NAMES utf8 */;
/*!40014 SET @OLD_UNIQUE_CHECKS=@@UNIQUE_CHECKS, UNIQUE_CHECKS=0 */;
/*!40014 SET @OLD_FOREIGN_KEY_CHECKS=@@FOREIGN_KEY_CHECKS, FOREIGN_KEY_CHECKS=0 */;
/*!40101 SET @OLD_SQL_MODE=@@SQL_MODE, SQL_MODE='NO_AUTO_VALUE_ON_ZERO' */;
/*!40111 SET @OLD_SQL_NOTES=@@SQL_NOTES, SQL_NOTES=0 */;


CREATE TABLE `meet_commitment_categories` (
  `id` int(10) unsigned NOT NULL AUTO_INCREMENT,
  `name` varchar(255) COLLATE utf8mb4_hungarian_ci NOT NULL,
  `order` int(11) NOT NULL,
  `has_instances` tinyint(4) NOT NULL DEFAULT '0',
  `description` text COLLATE utf8mb4_hungarian_ci,
  `condition_commitment_option_id` int(10) unsigned DEFAULT NULL,
  `question_category_inst_id` int(10) unsigned DEFAULT NULL,
  `special_points` tinyint(4) NOT NULL DEFAULT '0',
  PRIMARY KEY (`id`),
  UNIQUE KEY `id_UNIQUE` (`id`),
  KEY `fk_commitment_categories_commitment_options1_idx` (`condition_commitment_option_id`),
  KEY `fk_commitment_categories_question_categories1_idx` (`question_category_inst_id`),
  CONSTRAINT `fk_commitment_categories_commitment_options1` FOREIGN KEY (`condition_commitment_option_id`) REFERENCES `meet_commitment_options` (`id`) ON DELETE NO ACTION ON UPDATE NO ACTION,
  CONSTRAINT `fk_commitment_categories_question_categories1` FOREIGN KEY (`question_category_inst_id`) REFERENCES `meet_question_categories` (`id`) ON DELETE NO ACTION ON UPDATE NO ACTION
) ENGINE=InnoDB AUTO_INCREMENT=13 DEFAULT CHARSET=utf8mb4 COLLATE=utf8mb4_hungarian_ci;

CREATE TABLE `meet_commitment_category_org_types` (
  `commitment_category_id` int(10) unsigned NOT NULL,
  `org_type_id` int(10) unsigned NOT NULL,
  UNIQUE KEY `unique_pair` (`commitment_category_id`,`org_type_id`),
  KEY `fk_commitment_category_org_types_commitment_categories1_idx` (`commitment_category_id`),
  CONSTRAINT `fk_commitment_category_org_types_commitment_categories1` FOREIGN KEY (`commitment_category_id`) REFERENCES `meet_commitment_categories` (`id`) ON DELETE NO ACTION ON UPDATE NO ACTION
) ENGINE=InnoDB DEFAULT CHARSET=utf8mb4 COLLATE=utf8mb4_hungarian_ci;

CREATE TABLE `meet_commitment_options` (
  `id` int(10) unsigned NOT NULL AUTO_INCREMENT,
  `commitment_id` int(10) unsigned NOT NULL,
  `name` varchar(255) COLLATE utf8mb4_hungarian_ci NOT NULL,
  `order` int(11) NOT NULL,
  `score` int(11) NOT NULL,
  `is_off_option` tinyint(4) NOT NULL DEFAULT '0',
  `is_custom_input` tinyint(4) NOT NULL DEFAULT '0',
  `description` text COLLATE utf8mb4_hungarian_ci,
  PRIMARY KEY (`id`),
  UNIQUE KEY `id_UNIQUE` (`id`),
  KEY `fk_commitment_options_commitments1_idx` (`commitment_id`),
  CONSTRAINT `fk_commitment_options_commitments1` FOREIGN KEY (`commitment_id`) REFERENCES `meet_commitments` (`id`) ON DELETE NO ACTION ON UPDATE NO ACTION
) ENGINE=InnoDB AUTO_INCREMENT=221 DEFAULT CHARSET=utf8mb4 COLLATE=utf8mb4_hungarian_ci;

CREATE TABLE `meet_commitments` (
  `id` int(10) unsigned NOT NULL AUTO_INCREMENT,
  `commitment_category_id` int(10) unsigned NOT NULL,
  `name` varchar(500) COLLATE utf8mb4_hungarian_ci NOT NULL,
  `order` int(11) NOT NULL,
  `month_step` int(11) DEFAULT NULL,
  `months_min` int(11) DEFAULT NULL,
  `months_max` int(11) DEFAULT NULL,
  `description` text COLLATE utf8mb4_hungarian_ci,
  PRIMARY KEY (`id`),
  UNIQUE KEY `id_UNIQUE` (`id`),
  KEY `fk_table1_commitment_categories1_idx` (`commitment_category_id`),
  CONSTRAINT `fk_table1_commitment_categories1` FOREIGN KEY (`commitment_category_id`) REFERENCES `meet_commitment_categories` (`id`) ON DELETE NO ACTION ON UPDATE NO ACTION
) ENGINE=InnoDB AUTO_INCREMENT=118 DEFAULT CHARSET=utf8mb4 COLLATE=utf8mb4_hungarian_ci;

CREATE TABLE `meet_commitments_by_questions` (
  `question_option_id` int(10) unsigned NOT NULL,
  `commitment_option_id` int(10) unsigned NOT NULL,
  UNIQUE KEY `connection_unique` (`question_option_id`,`commitment_option_id`),
  KEY `fk_commitments_by_questions_question_options1_idx` (`question_option_id`),
  KEY `fk_commitments_by_questions_commitment_options1_idx` (`commitment_option_id`),
  CONSTRAINT `fk_commitments_by_questions_commitment_options1` FOREIGN KEY (`commitment_option_id`) REFERENCES `meet_commitment_options` (`id`) ON DELETE NO ACTION ON UPDATE NO ACTION,
  CONSTRAINT `fk_commitments_by_questions_question_options1` FOREIGN KEY (`question_option_id`) REFERENCES `meet_question_options` (`id`) ON DELETE NO ACTION ON UPDATE NO ACTION
) ENGINE=InnoDB DEFAULT CHARSET=utf8mb4 COLLATE=utf8mb4_hungarian_ci;

CREATE TABLE `meet_modules` (
  `id` int(10) unsigned NOT NULL AUTO_INCREMENT,
  `name` varchar(255) COLLATE utf8mb4_hungarian_ci NOT NULL,
  `slug` varchar(255) COLLATE utf8mb4_hungarian_ci NOT NULL,
  `threshold` int(11) NOT NULL,
  `description` text COLLATE utf8mb4_hungarian_ci,
  `description_pdf` text COLLATE utf8mb4_hungarian_ci,
  PRIMARY KEY (`id`),
  UNIQUE KEY `id_UNIQUE` (`id`)
) ENGINE=InnoDB AUTO_INCREMENT=6 DEFAULT CHARSET=utf8mb4 COLLATE=utf8mb4_hungarian_ci;

CREATE TABLE `meet_org_commitment_fills` (
  `id` int(10) unsigned NOT NULL AUTO_INCREMENT,
  `org_id` int(11) unsigned NOT NULL,
  `date` timestamp NOT NULL DEFAULT CURRENT_TIMESTAMP,
  `target_module_id` int(10) unsigned DEFAULT NULL,
  `org_type` int(10) unsigned NOT NULL,
  `manual_score` int(11) DEFAULT NULL,
  `approved` tinyint(4) NOT NULL DEFAULT '0',
  `comment` text COLLATE utf8mb4_hungarian_ci,
  `manual_module_id` int(10) unsigned DEFAULT NULL,
  PRIMARY KEY (`id`),
  UNIQUE KEY `id_UNIQUE` (`id`),
  KEY `fk_org_commitment_fills_modules1_idx` (`target_module_id`),
  KEY `fk_org_commitment_fills_modules2_idx` (`manual_module_id`),
  CONSTRAINT `fk_org_commitment_fills_modules1` FOREIGN KEY (`target_module_id`) REFERENCES `meet_modules` (`id`) ON DELETE NO ACTION ON UPDATE NO ACTION,
  CONSTRAINT `fk_org_commitment_fills_modules2` FOREIGN KEY (`manual_module_id`) REFERENCES `meet_modules` (`id`) ON DELETE NO ACTION ON UPDATE NO ACTION
) ENGINE=InnoDB AUTO_INCREMENT=8 DEFAULT CHARSET=utf8mb4 COLLATE=utf8mb4_hungarian_ci;

CREATE TABLE `meet_org_commitment_option_instances` (
  `id` int(10) unsigned NOT NULL AUTO_INCREMENT,
  `name` varchar(255) COLLATE utf8mb4_hungarian_ci NOT NULL,
  `commitment_category_id` int(10) unsigned NOT NULL,
  PRIMARY KEY (`id`),
  UNIQUE KEY `id_UNIQUE` (`id`),
  KEY `fk_instances_commitment_categories1_idx` (`commitment_category_id`),
  CONSTRAINT `fk_instances_commitment_categories1` FOREIGN KEY (`commitment_category_id`) REFERENCES `meet_commitment_categories` (`id`) ON DELETE NO ACTION ON UPDATE NO ACTION
) ENGINE=InnoDB AUTO_INCREMENT=14 DEFAULT CHARSET=utf8mb4 COLLATE=utf8mb4_hungarian_ci;

CREATE TABLE `meet_org_commitment_options` (
  `id` int(10) unsigned NOT NULL AUTO_INCREMENT,
  `months` int(11) DEFAULT NULL,
  `org_commitment_fill_id` int(10) unsigned NOT NULL,
  `commitment_option_id` int(10) unsigned NOT NULL,
  `custom_input` text COLLATE utf8mb4_hungarian_ci,
  `instance_id` int(10) unsigned DEFAULT NULL,
  PRIMARY KEY (`id`),
  UNIQUE KEY `id_UNIQUE` (`id`),
  KEY `fk_org_commitment_options_org_commitments1_idx` (`org_commitment_fill_id`),
  KEY `fk_org_commitment_options_commitment_options1_idx` (`commitment_option_id`),
  KEY `fk_org_commitment_options_instances1_idx` (`instance_id`),
  CONSTRAINT `fk_org_commitment_options_commitment_options1` FOREIGN KEY (`commitment_option_id`) REFERENCES `meet_commitment_options` (`id`) ON DELETE NO ACTION ON UPDATE NO ACTION,
  CONSTRAINT `fk_org_commitment_options_instances1` FOREIGN KEY (`instance_id`) REFERENCES `meet_org_commitment_option_instances` (`id`) ON DELETE NO ACTION ON UPDATE NO ACTION,
  CONSTRAINT `fk_org_commitment_options_org_commitments1` FOREIGN KEY (`org_commitment_fill_id`) REFERENCES `meet_org_commitment_fills` (`id`) ON DELETE NO ACTION ON UPDATE NO ACTION
) ENGINE=InnoDB AUTO_INCREMENT=203 DEFAULT CHARSET=utf8mb4 COLLATE=utf8mb4_hungarian_ci;

CREATE TABLE `meet_org_question_answer_instances` (
  `id` int(10) unsigned NOT NULL AUTO_INCREMENT,
  `name` varchar(255) COLLATE utf8mb4_hungarian_ci NOT NULL,
  `question_category_id` int(10) unsigned NOT NULL,
  PRIMARY KEY (`id`),
  UNIQUE KEY `id_UNIQUE` (`id`),
  KEY `fk_instances_question_categories1_idx` (`question_category_id`),
  CONSTRAINT `fk_instances_question_categories1` FOREIGN KEY (`question_category_id`) REFERENCES `meet_question_categories` (`id`) ON DELETE NO ACTION ON UPDATE NO ACTION
) ENGINE=InnoDB AUTO_INCREMENT=3 DEFAULT CHARSET=utf8mb4 COLLATE=utf8mb4_hungarian_ci;

CREATE TABLE `meet_org_question_answers` (
  `id` int(10) unsigned NOT NULL AUTO_INCREMENT,
  `org_question_fill_id` int(10) unsigned NOT NULL,
  `question_option_id` int(10) unsigned NOT NULL,
  `custom_input` text COLLATE utf8mb4_hungarian_ci,
  `instance_id` int(10) unsigned DEFAULT NULL,
  PRIMARY KEY (`id`),
  UNIQUE KEY `id_UNIQUE` (`id`),
  KEY `fk_org_question_answers_org_question_fills1_idx` (`org_question_fill_id`),
  KEY `fk_org_question_answers_question_options1_idx` (`question_option_id`),
  KEY `fk_org_question_answers_instances1_idx` (`instance_id`),
  CONSTRAINT `fk_org_question_answers_instances1` FOREIGN KEY (`instance_id`) REFERENCES `meet_org_question_answer_instances` (`id`) ON DELETE NO ACTION ON UPDATE NO ACTION,
  CONSTRAINT `fk_org_question_answers_org_question_fills1` FOREIGN KEY (`org_question_fill_id`) REFERENCES `meet_org_question_fills` (`id`) ON DELETE NO ACTION ON UPDATE NO ACTION,
  CONSTRAINT `fk_org_question_answers_question_options1` FOREIGN KEY (`question_option_id`) REFERENCES `meet_question_options` (`id`) ON DELETE NO ACTION ON UPDATE NO ACTION
) ENGINE=InnoDB AUTO_INCREMENT=41 DEFAULT CHARSET=utf8mb4 COLLATE=utf8mb4_hungarian_ci;

CREATE TABLE `meet_org_question_fills` (
  `id` int(10) unsigned NOT NULL AUTO_INCREMENT,
  `org_id` int(11) unsigned NOT NULL,
  `date` timestamp NOT NULL DEFAULT CURRENT_TIMESTAMP,
  `org_type` int(10) unsigned NOT NULL,
  PRIMARY KEY (`id`),
  UNIQUE KEY `id_UNIQUE` (`id`)
) ENGINE=InnoDB AUTO_INCREMENT=2 DEFAULT CHARSET=utf8mb4 COLLATE=utf8mb4_hungarian_ci;

CREATE TABLE `meet_posts` (
  `id` int(10) unsigned NOT NULL AUTO_INCREMENT,
  `title` varchar(255) COLLATE utf8mb4_hungarian_ci NOT NULL,
  `image` varchar(255) COLLATE utf8mb4_hungarian_ci DEFAULT NULL,
  `tags` json DEFAULT NULL,
  `intro` text COLLATE utf8mb4_hungarian_ci,
  `text` text COLLATE utf8mb4_hungarian_ci,
  `date` date DEFAULT NULL,
  `order` int(11) NOT NULL,
  PRIMARY KEY (`id`),
  UNIQUE KEY `id_UNIQUE` (`id`)
) ENGINE=InnoDB AUTO_INCREMENT=14 DEFAULT CHARSET=utf8mb4 COLLATE=utf8mb4_hungarian_ci;

CREATE TABLE `meet_question_categories` (
  `id` int(10) unsigned NOT NULL AUTO_INCREMENT,
  `name` varchar(255) COLLATE utf8mb4_hungarian_ci NOT NULL,
  `order` int(11) NOT NULL,
  `has_instances` tinyint(4) NOT NULL DEFAULT '0',
  `description` text COLLATE utf8mb4_hungarian_ci,
  `condition_question_option_id` int(10) unsigned DEFAULT NULL,
  PRIMARY KEY (`id`),
  UNIQUE KEY `id_UNIQUE` (`id`),
  KEY `fk_question_categories_question_options1_idx` (`condition_question_option_id`),
  CONSTRAINT `fk_question_categories_question_options1` FOREIGN KEY (`condition_question_option_id`) REFERENCES `meet_question_options` (`id`) ON DELETE NO ACTION ON UPDATE NO ACTION
) ENGINE=InnoDB AUTO_INCREMENT=7 DEFAULT CHARSET=utf8mb4 COLLATE=utf8mb4_hungarian_ci;

CREATE TABLE `meet_question_category_org_types` (
  `question_category_id` int(10) unsigned NOT NULL,
  `org_type_id` int(10) unsigned NOT NULL,
  UNIQUE KEY `unique_pair` (`question_category_id`,`org_type_id`),
  KEY `fk_question_category_org_types_question_categories1_idx` (`question_category_id`),
  CONSTRAINT `fk_question_category_org_types_question_categories1` FOREIGN KEY (`question_category_id`) REFERENCES `meet_question_categories` (`id`) ON DELETE NO ACTION ON UPDATE NO ACTION
) ENGINE=InnoDB DEFAULT CHARSET=utf8mb4 COLLATE=utf8mb4_hungarian_ci;

CREATE TABLE `meet_question_options` (
  `id` int(10) unsigned NOT NULL AUTO_INCREMENT,
  `question_id` int(11) unsigned NOT NULL,
  `name` varchar(255) COLLATE utf8mb4_hungarian_ci NOT NULL,
  `order` int(11) NOT NULL,
  `is_off_option` tinyint(4) NOT NULL DEFAULT '0',
  `is_custom_input` tinyint(4) NOT NULL DEFAULT '0',
  `description` text COLLATE utf8mb4_hungarian_ci,
  PRIMARY KEY (`id`),
  UNIQUE KEY `id_UNIQUE` (`id`),
  KEY `fk_question_options_questions1_idx` (`question_id`),
  CONSTRAINT `fk_question_options_questions1` FOREIGN KEY (`question_id`) REFERENCES `meet_questions` (`id`) ON DELETE NO ACTION ON UPDATE NO ACTION
) ENGINE=InnoDB AUTO_INCREMENT=219 DEFAULT CHARSET=utf8mb4 COLLATE=utf8mb4_hungarian_ci;

CREATE TABLE `meet_questions` (
  `id` int(11) unsigned NOT NULL AUTO_INCREMENT,
  `name` varchar(500) NOT NULL,
  `order` int(11) NOT NULL,
  `description` text,
  `question_category_id` int(10) unsigned NOT NULL,
  PRIMARY KEY (`id`),
  UNIQUE KEY `id_UNIQUE` (`id`),
  KEY `fk_questions_question_categories1_idx` (`question_category_id`),
  CONSTRAINT `fk_questions_question_categories1` FOREIGN KEY (`question_category_id`) REFERENCES `meet_question_categories` (`id`) ON DELETE NO ACTION ON UPDATE NO ACTION
) ENGINE=InnoDB AUTO_INCREMENT=143 DEFAULT CHARSET=utf8;

INSERT INTO `meet_commitment_categories` (`id`, `name`, `order`, `has_instances`, `description`, `condition_commitment_option_id`, `question_category_inst_id`, `special_points`) VALUES
('1', 'Lelki élet vállalások', '1', '0', NULL, NULL, NULL, '1'),
('2', 'tematikus alkalmak vállalások', '2', '0', NULL, NULL, NULL, '0'),
('3', 'fenntarthatóság gyülekezeti alkalmakon vállalások', '3', '0', NULL, NULL, NULL, '0'),
('4', 'fenntarthatóság a lelkészi hivatal működésében vállalások', '4', '0', NULL, NULL, NULL, '0'),
('5', 'fenntarthatóság az épületek gondozásában', '5', '0', NULL, NULL, NULL, '0'),
('6', 'hulladék kezelési vállalások', '6', '0', NULL, NULL, NULL, '0'),
('7', 'gyülekezeti élet szervezésében vállalások', '7', '0', NULL, NULL, NULL, '0'),
('8', 'épületek beruházási vállalások', '8', '1', NULL, NULL, '6', '0'),
('9', 'szemléletformálás vállalások', '9', '0', NULL, NULL, NULL, '0'),
('10', 'etikus gazdálkodási vállalások', '10', '0', NULL, NULL, NULL, '0'),
('11', 'zöldterület gondozás vállalások', '11', '0', NULL, NULL, NULL, '0'),
('12', 'mentorálás', '12', '0', NULL, NULL, NULL, '0');

INSERT INTO `meet_commitment_category_org_types` (`commitment_category_id`, `org_type_id`) VALUES
('1', '1'),
('1', '1301'),
('2', '1'),
('2', '1301'),
('3', '1'),
('3', '1301'),
('4', '1'),
('4', '1301'),
('5', '1'),
('5', '1301'),
('6', '1'),
('6', '1301'),
('7', '1'),
('7', '1301'),
('8', '1'),
('8', '1301'),
('9', '1'),
('9', '1301'),
('10', '1'),
('10', '1301'),
('11', '1'),
('11', '1301'),
('12', '1'),
('12', '1301');

INSERT INTO `meet_commitment_options` (`id`, `commitment_id`, `name`, `order`, `score`, `is_off_option`, `is_custom_input`, `description`) VALUES
('1', '2', 'Havonta legalább egyszer', '1', '8', '0', '0', NULL),
('2', '2', 'Évente legalább egyszer', '2', '4', '0', '0', NULL),
('3', '2', 'Ritkábban', '3', '1', '0', '0', NULL),
('4', '2', 'Nem', '4', '0', '0', '0', NULL),
('5', '5', 'Havonta legalább egyszer', '1', '8', '0', '0', NULL),
('6', '5', 'Évente legalább egyszer', '2', '4', '0', '0', NULL),
('7', '5', 'Ritkábban', '3', '1', '0', '0', NULL),
('8', '5', 'Nem', '4', '0', '0', '0', NULL),
('9', '4', 'Havonta legalább egyszer', '1', '8', '0', '0', NULL),
('10', '4', 'Évente legalább egyszer', '2', '4', '0', '0', NULL),
('11', '4', 'Ritkábban', '3', '1', '0', '0', NULL),
('12', '4', 'Nem', '4', '0', '0', '0', NULL),
('13', '1', 'Évente többször', '1', '8', '0', '0', NULL),
('14', '1', 'Évente legalább egyszer', '2', '4', '0', '0', NULL),
('15', '1', 'Ritkábban', '3', '1', '0', '0', NULL),
('16', '1', 'nem', '4', '0', '0', '0', NULL),
('17', '1', 'Szabad beírás', '5', '8', '0', '1', NULL),
('18', '6', 'Évente többször', '1', '8', '0', '0', NULL),
('19', '6', 'Évente legalább egyszer', '2', '4', '0', '0', NULL),
('20', '6', 'Ritkábban', '3', '1', '0', '0', NULL),
('21', '6', 'nem', '4', '0', '0', '0', NULL),
('22', '7', 'Évente többször', '1', '8', '0', '0', NULL),
('23', '7', 'Évente legalább egyszer', '2', '4', '0', '0', NULL),
('24', '7', 'Ritkábban', '3', '1', '0', '0', NULL),
('25', '7', 'Nem', '4', '0', '0', '0', NULL),
('26', '8', 'Évente többször', '1', '8', '0', '0', NULL),
('27', '8', 'Évente legalább egyszer', '2', '4', '0', '0', NULL),
('28', '8', 'Ritkábban', '3', '1', '0', '0', NULL),
('29', '8', 'Nem', '4', '0', '0', '0', NULL),
('30', '3', 'Havonta legalább egyszer', '1', '8', '0', '0', NULL),
('31', '3', 'Évente legalább egyszer', '2', '4', '0', '0', NULL),
('32', '3', 'Ritkábban', '3', '1', '0', '0', NULL),
('33', '3', 'Nem', '4', '0', '0', '0', NULL),
('34', '9', 'Szabad beírás', '1', '8', '0', '1', NULL),
('35', '14', 'Évente többször', '1', '8', '0', '0', NULL),
('36', '14', 'Évente legalább egyszer', '2', '4', '0', '0', NULL),
('37', '14', 'Ritkábban', '3', '1', '0', '0', NULL),
('38', '14', 'Nem', '4', '0', '0', '0', NULL),
('39', '11', 'Évente többször', '1', '8', '0', '0', NULL),
('40', '11', 'Évente legalább egyszer', '2', '5', '0', '0', NULL),
('41', '11', 'Ritkábban', '3', '2', '0', '0', NULL),
('42', '11', 'Nem', '4', '0', '0', '0', NULL),
('43', '13', 'Évente többször', '1', '8', '0', '0', NULL),
('44', '13', 'Évente legalább egyszer', '2', '5', '0', '0', NULL),
('45', '13', 'Ritkábban', '3', '2', '0', '0', NULL),
('46', '13', 'Nem', '4', '0', '0', '0', NULL),
('47', '20', 'Szabad beírás', '1', '6', '0', '1', NULL),
('48', '12', 'Évente többször', '1', '8', '0', '0', NULL),
('49', '12', 'Évente legalább egyszer', '2', '5', '0', '0', NULL),
('50', '12', 'Ritkábban', '3', '2', '0', '0', NULL),
('51', '12', 'Nem', '4', '0', '0', '0', NULL),
('52', '12', 'Szabad beírás', '5', '6', '0', '1', NULL),
('53', '16', 'Évente többször', '1', '8', '0', '0', NULL),
('54', '16', 'Évente legalább egyszer', '2', '5', '0', '0', NULL),
('55', '16', 'Ritkábban', '3', '2', '0', '0', NULL),
('56', '16', 'Nem', '4', '0', '0', '0', NULL),
('57', '16', 'Szabad beírás', '5', '6', '0', '1', NULL),
('58', '15', 'Rendszeresen', '1', '8', '0', '0', NULL),
('59', '15', 'Alkalmanként', '2', '5', '0', '0', NULL),
('60', '15', 'Nem', '3', '0', '0', '0', NULL),
('61', '17', 'Rendszeresen', '1', '8', '0', '0', NULL),
('62', '17', 'Néha', '2', '4', '0', '0', NULL),
('63', '17', 'Nem', '3', '0', '0', '0', NULL),
('64', '18', 'Évente többször', '1', '8', '0', '0', NULL),
('65', '18', 'Évente legalább egyszer', '2', '5', '0', '0', NULL),
('66', '18', 'Ritkábban', '3', '2', '0', '0', NULL),
('67', '18', 'Nem', '4', '0', '0', '0', NULL),
('68', '18', 'Szabad beírás', '5', '6', '0', '1', NULL),
('69', '19', 'Gyakran', '1', '8', '0', '0', NULL),
('70', '19', 'Néha', '2', '4', '0', '0', NULL),
('71', '19', 'Nem', '3', '0', '0', '0', NULL),
('72', '19', 'Szabad beírás', '4', '8', '0', '1', NULL),
('73', '85', 'Évente többször', '1', '8', '0', '0', NULL),
('74', '85', 'Évente legalább egyszer', '2', '5', '0', '0', NULL),
('75', '85', 'Ritkábban', '3', '2', '0', '0', NULL),
('76', '85', 'Nem', '4', '0', '0', '0', NULL),
('77', '86', 'Rendszeresen', '1', '8', '0', '0', NULL),
('78', '86', 'Néha', '2', '4', '0', '0', NULL),
('79', '86', 'Nem', '3', '0', '0', '0', NULL),
('80', '87', 'Rendszeresen', '1', '12', '0', '0', NULL),
('81', '87', 'Néha', '2', '6', '0', '0', NULL),
('82', '87', 'Nem', '3', '0', '0', '0', NULL),
('83', '77', 'Gyakran', '1', '6', '0', '0', NULL),
('84', '77', 'Néha', '2', '3', '0', '0', NULL),
('85', '77', 'Nem', '3', '0', '0', '0', NULL),
('86', '78', 'Gyakran', '1', '6', '0', '0', NULL),
('87', '78', 'Néha', '2', '3', '0', '0', NULL),
('88', '78', 'Nem', '3', '0', '0', '0', NULL),
('89', '80', 'Igen', '1', '6', '0', '0', NULL),
('90', '80', 'Nem', '2', '0', '0', '0', NULL),
('91', '79', 'Igen', '1', '4', '0', '0', NULL),
('92', '79', 'Nem', '2', '0', '0', '0', NULL),
('93', '81', 'Gyakran', '1', '6', '0', '0', NULL),
('94', '81', 'Néha', '2', '3', '0', '0', NULL),
('95', '81', 'Nem', '3', '0', '0', '0', NULL),
('96', '82', 'Igen', '1', '6', '0', '0', NULL),
('97', '82', 'Nem', '2', '0', '0', '0', NULL),
('98', '84', 'Gyakran', '1', '8', '0', '0', NULL),
('99', '84', 'Néha', '2', '4', '0', '0', NULL),
('100', '84', 'Nem', '3', '0', '0', '0', NULL),
('101', '88', 'Szabad beírás', '1', '8', '0', '1', NULL),
('102', '58', 'Igen', '1', '8', '0', '0', NULL),
('103', '58', 'Nem', '2', '0', '0', '0', NULL),
('104', '61', 'Igen', '1', '10', '0', '0', NULL),
('105', '61', 'Nem', '2', '0', '0', '0', NULL),
('106', '61', 'Szabad beírás', '3', '10', '0', '1', NULL),
('107', '62', 'Igen', '1', '8', '0', '0', NULL),
('108', '62', 'Nem', '2', '0', '0', '0', NULL),
('109', '29', 'Igen', '1', '8', '0', '0', NULL),
('110', '29', 'Nem', '2', '0', '0', '0', NULL),
('111', '30', 'Nem vonatkozik ránk', '1', '8', '0', '0', NULL),
('112', '30', 'Nem vonatkozik ránk', '2', '8', '0', '0', NULL),
('113', '31', 'Mindig', '1', '8', '0', '0', NULL),
('114', '31', 'Gyakran', '2', '6', '0', '0', NULL),
('115', '31', 'Néha', '3', '2', '0', '0', NULL),
('116', '31', 'Nem', '4', '0', '0', '0', NULL),
('117', '36', 'Mindig', '1', '6', '0', '0', NULL),
('118', '36', 'Gyakran', '2', '4', '0', '0', NULL),
('119', '36', 'Néha', '3', '1', '0', '0', NULL),
('120', '36', 'Nem', '4', '0', '0', '0', NULL),
('121', '36', 'Nem vonatkozik ránk', '5', '6', '0', '0', NULL),
('122', '41', 'Mindig', '1', '6', '0', '0', NULL),
('123', '41', 'Gyakran', '2', '4', '0', '0', NULL),
('124', '41', 'Néha', '3', '1', '0', '0', NULL),
('125', '41', 'Nem', '4', '0', '0', '0', NULL),
('126', '41', 'Nem vonatkozik ránk', '5', '6', '0', '0', NULL),
('127', '40', 'Igen', '1', '6', '0', '0', NULL),
('128', '40', 'Részben', '2', '4', '0', '0', NULL),
('129', '40', 'Nem', '3', '0', '0', '0', NULL),
('130', '39', 'Igen', '1', '10', '0', '0', NULL),
('131', '39', 'Nem', '2', '0', '0', '0', NULL),
('132', '38', 'Csak LED és energiatakarékos izzó', '1', '8', '0', '0', NULL),
('133', '38', 'LED + energiatakarékos izzók + izzószálas fényforrások', '2', '4', '0', '0', NULL),
('134', '38', 'csak hagyományos izzók', '3', '0', '0', '0', NULL),
('135', '38', 'Egyéb, éspedig… ', '4', '8', '0', '0', NULL),
('136', '47', 'Igen', '1', '10', '0', '0', NULL),
('137', '47', 'Nem', '2', '0', '0', '0', NULL),
('138', '48', 'Igen', '1', '12', '0', '0', NULL),
('139', '48', 'Nem', '2', '0', '0', '0', NULL),
('140', '45', 'Igen', '1', '16', '0', '0', NULL),
('141', '45', 'Nem', '2', '0', '0', '0', NULL),
('142', '46', 'Igen', '1', '10', '0', '0', NULL),
('143', '46', 'Nem', '2', '0', '0', '0', NULL),
('144', '44', 'Igen', '1', '10', '0', '0', NULL),
('145', '44', 'Nem', '2', '0', '0', '0', NULL),
('146', '49', 'Szabad beírás', '1', '16', '0', '1', NULL),
('147', '51', 'Igen', '1', '6', '0', '0', NULL),
('148', '51', 'Részben', '2', '4', '0', '0', NULL),
('149', '51', 'Nem', '3', '0', '0', '0', NULL),
('150', '56', 'Nem vonatkozik ránk', '1', '10', '0', '0', NULL),
('151', '54', 'Igen, helyben', '1', '8', '0', '0', NULL),
('152', '54', 'Igen, máshol', '2', '8', '0', '0', NULL),
('153', '54', 'Nem', '3', '0', '0', '0', NULL),
('154', '22', '…Kizárólag tartós anyagból készülnek', '1', '10', '0', '0', NULL),
('155', '22', '…Többségében tartós anyagból készülnek', '2', '6', '0', '0', NULL),
('156', '22', '…Egyszerhasználatos, biológiailag lebomlóak/komposztálhatóak', '3', '4', '0', '0', NULL),
('157', '22', '…Egyszerhasználatos eldobhatóak', '4', '0', '0', '0', NULL),
('158', '23', '…Kizárólag tartós anyagból készülnek', '1', '10', '0', '0', NULL),
('159', '23', '…Többségében tartós anyagból készülnek', '2', '6', '0', '0', NULL),
('160', '23', '…Egyszerhasználatos, biológiailag lebomlóak/komposztálhatóak', '3', '4', '0', '0', NULL),
('161', '23', '…Egyszerhasználatos eldobhatóak', '4', '0', '0', '0', NULL),
('162', '21', '…Kizárólag csomagolásmentesek, visszaváltható vagy újra felhasználható csomagolásúak (csapvíz, tea, betéti üveges ital, stb.)', '1', '10', '0', '0', NULL),
('163', '21', '…Gyakran csomagolásmentesek, visszaváltható vagy újra felhasználható csomagolásúak', '2', '6', '0', '0', NULL),
('164', '21', '…Újrahasznosított csomagolásúak (RePET palack', '3', '4', '0', '0', NULL),
('165', '21', '…Egyszerhasználatos, eldobható csomagolásúak (PET palack, Tetrapack, üveg stb.)', '4', '0', '0', '0', NULL),
('166', '25', 'Mindig', '1', '10', '0', '0', NULL),
('167', '25', 'Gyakran', '2', '6', '0', '0', NULL),
('168', '25', 'Néha', '3', '4', '0', '0', NULL),
('169', '25', 'Nem', '4', '0', '0', '0', NULL),
('170', '25', 'Nem vonatkozik ránk', '5', '0', '0', '0', NULL),
('171', '27', 'Mindig', '1', '8', '0', '0', NULL),
('172', '27', 'Gyakran', '2', '5', '0', '0', NULL),
('173', '27', 'Néha', '3', '3', '0', '0', NULL),
('174', '27', 'Nem', '4', '0', '0', '0', NULL),
('175', '27', 'Nem vonatkozik ránk', '5', '0', '0', '0', NULL),
('176', '115', 'Igen', '1', '10', '0', '0', NULL),
('177', '115', 'Nem', '2', '0', '0', '0', NULL),
('178', '100', 'Igen', '1', '10', '0', '0', NULL),
('179', '100', 'Nem', '2', '0', '0', '0', NULL),
('180', '101', 'Igen', '1', '10', '0', '0', NULL),
('181', '101', 'Nem', '2', '0', '0', '0', NULL),
('182', '102', 'Igen', '1', '10', '0', '0', NULL),
('183', '102', 'Nem', '2', '0', '0', '0', NULL),
('184', '103', 'Igen', '1', '6', '0', '0', NULL),
('185', '103', 'Nem', '2', '0', '0', '0', NULL),
('186', '103', 'Nincs rá hely', '3', '0', '0', '0', NULL),
('187', '104', 'Igen', '1', '8', '0', '0', NULL),
('188', '104', 'Nem', '2', '0', '0', '0', NULL),
('189', '104', 'Nincs rá hely', '3', '0', '0', '0', NULL),
('190', '105', 'Igen', '1', '8', '0', '0', NULL),
('191', '105', 'Nem', '2', '0', '0', '0', NULL),
('192', '105', 'Nincs rá hely', '3', '0', '0', '0', NULL),
('193', '106', 'Igen', '1', '6', '0', '0', NULL),
('194', '106', 'Nem', '2', '0', '0', '0', NULL),
('195', '106', 'Nincs rá hely', '3', '0', '0', '0', NULL),
('196', '109', 'Szabad beírás', '1', '8', '0', '1', NULL),
('197', '65', 'Fal és mennyezet', '1', '14', '0', '0', NULL),
('198', '65', 'Falak vagy mennyezet', '2', '10', '0', '0', NULL),
('199', '65', 'Egyáltalán nem', '3', '0', '0', '0', NULL),
('200', '65', 'Nem vonatkozik ránk', '4', '0', '0', '0', NULL),
('201', '67', 'Mindenhol', '1', '12', '0', '0', NULL),
('202', '67', 'Néhány ablak', '2', '8', '0', '0', NULL),
('203', '67', 'Néhány ajtó', '3', '4', '0', '0', NULL),
('204', '67', 'Egyik nyílászáró sem', '4', '0', '0', '0', NULL),
('205', '67', 'Nem vonatkozik ránk', '5', '0', '0', '0', NULL),
('206', '66', 'Igen', '1', '8', '0', '0', NULL),
('207', '66', 'Nem', '2', '0', '0', '0', NULL),
('208', '66', 'Nem vonatkozik ránk', '3', '0', '0', '0', NULL),
('209', '66', 'Nincs kazán/fűtés', '4', '12', '0', '0', NULL),
('210', '66', 'Egyéb, éspedig… ', '5', '16', '0', '0', NULL),
('211', '69', 'Igen', '1', '10', '0', '0', NULL),
('212', '69', 'Nem', '2', '0', '0', '0', NULL),
('213', '73', 'Igen', '1', '14', '0', '0', NULL),
('214', '73', 'Nem', '2', '0', '0', '0', NULL),
('215', '71', 'Igen', '1', '16', '0', '0', NULL),
('216', '71', 'Nem', '2', '0', '0', '0', NULL),
('217', '74', 'Igen', '1', '16', '0', '0', NULL),
('218', '74', 'Nem', '2', '0', '0', '0', NULL),
('219', '75', 'Igen', '1', '12', '0', '0', NULL),
('220', '75', 'Nem', '2', '0', '0', '0', NULL);

INSERT INTO `meet_commitments` (`id`, `commitment_category_id`, `name`, `order`, `month_step`, `months_min`, `months_max`, `description`) VALUES
('1', '1', 'Istentisztelet', '1', '1', '1', '24', NULL),
('2', '1', 'liturgia', '2', '3', '3', '12', NULL),
('3', '1', 'imádság', '3', '12', '12', '72', NULL),
('4', '1', 'prédikáció', '4', NULL, NULL, NULL, NULL),
('5', '1', 'templom/oltár dekoráció', '5', NULL, NULL, NULL, NULL),
('6', '1', 'gyermek alkalmak', '6', NULL, NULL, NULL, NULL),
('7', '1', 'ifjúsági alkalmak', '7', NULL, NULL, NULL, NULL),
('8', '1', 'felnőtt alkalmak', '8', NULL, NULL, NULL, NULL),
('9', '1', 'egyéb +', '9', NULL, NULL, NULL, NULL),
('10', '2', 'gyülekezeti fórum', '1', NULL, NULL, NULL, NULL),
('11', '2', 'gyülekezeti előadás(sorozat)', '2', NULL, NULL, NULL, NULL),
('12', '2', 'helyi közösségi akciók', '3', NULL, NULL, NULL, NULL),
('13', '2', 'műhely (kézműves, alkotó, foltozó,stb)', '4', NULL, NULL, NULL, NULL),
('14', '2', 'szakember meghívása', '5', NULL, NULL, NULL, NULL),
('15', '2', 'együttműködés a helyi környezetvédelmi szervezetekkel', '6', NULL, NULL, NULL, NULL),
('16', '2', 'gyülekezeti kirándulás/séta', '7', NULL, NULL, NULL, NULL),
('17', '2', 'jótékonysági alkalmak', '8', NULL, NULL, NULL, NULL),
('18', '2', 'nemzetközi kampány alkalmak', '9', NULL, NULL, NULL, NULL),
('19', '2', 'gyülekezeti garázsvásár, ruhacsere, stb.', '10', NULL, NULL, NULL, NULL),
('20', '2', 'egyéb +', '11', NULL, NULL, NULL, NULL),
('21', '3', 'fogyasztott italok (szóda, csapvíz, tea, szörp)', '1', NULL, NULL, NULL, NULL),
('22', '3', 'használt tányérok, evőeszközök', '2', NULL, NULL, NULL, NULL),
('23', '3', 'használt poharak', '3', NULL, NULL, NULL, NULL),
('24', '3', '(mosogatás)', '4', NULL, NULL, NULL, NULL),
('25', '3', 'helyi gazdálkodásból származó ételek', '5', NULL, NULL, NULL, NULL),
('26', '3', 'házi süti, házi szörp, stb.', '6', NULL, NULL, NULL, NULL),
('27', '3', 'vegetáriánus étkezés lehetősége', '7', NULL, NULL, NULL, NULL),
('28', '3', 'egyéb +', '8', NULL, NULL, NULL, NULL),
('29', '4', 'kétoldalas nyomtatás', '1', NULL, NULL, NULL, NULL),
('30', '4', 'nem nyomtat', '2', NULL, NULL, NULL, NULL),
('31', '4', 'újra papírra nyomtat', '3', NULL, NULL, NULL, NULL),
('32', '4', 'elektronikus hírlevél és tájékoztatás', '4', NULL, NULL, NULL, NULL),
('33', '4', 'takarékosság a villannyal', '5', NULL, NULL, NULL, NULL),
('34', '4', 'takarékosság a vízzel', '6', NULL, NULL, NULL, NULL),
('35', '4', 'takarékosság a fűtéssel', '7', NULL, NULL, NULL, NULL),
('36', '4', 'felelős internethasználat, tárhely tömörítés', '8', NULL, NULL, NULL, NULL),
('37', '4', 'egyéb +', '9', NULL, NULL, NULL, NULL),
('38', '5', 'energiatakarékos izzók', '1', NULL, NULL, NULL, NULL),
('39', '5', 'figyelmeztető feliratok', '2', NULL, NULL, NULL, NULL),
('40', '5', 'környezetbarát tisztítószerek', '3', NULL, NULL, NULL, NULL),
('41', '5', 'újrahasznosított wc-papír', '4', NULL, NULL, NULL, NULL),
('42', '5', 'natúr szappan', '5', NULL, NULL, NULL, NULL),
('43', '5', 'törölköző', '6', NULL, NULL, NULL, NULL),
('44', '5', 'víztakarékos csapok', '7', NULL, NULL, NULL, NULL),
('45', '5', 'megújuló energiaforrás használata', '8', NULL, NULL, NULL, NULL),
('46', '5', 'fogyasztók lekapcsolása távozáskor', '9', NULL, NULL, NULL, NULL),
('47', '5', 'épületek energiafogyasztásának tudatos követése', '10', NULL, NULL, NULL, NULL),
('48', '5', 'energiafogyasztás csökkentése', '11', NULL, NULL, NULL, NULL),
('49', '5', 'egyéb +', '12', NULL, NULL, NULL, NULL),
('50', '6', 'hulladék megelőzés ', '1', NULL, NULL, NULL, NULL),
('51', '6', 'szelektív hulladékgyűjtés', '2', NULL, NULL, NULL, NULL),
('52', '6', 'papír újrahasznosítás', '3', NULL, NULL, NULL, NULL),
('53', '6', 'műanyag/fém/üveg', '4', NULL, NULL, NULL, NULL),
('54', '6', 'komposztálás (helyben/másutt)', '5', NULL, NULL, NULL, NULL),
('55', '6', 'veszélyes hulladék felelős kezelése', '6', NULL, NULL, NULL, NULL),
('56', '6', 'zero waste (hulladékmentesség)', '7', NULL, NULL, NULL, NULL),
('57', '6', 'egyéb +', '8', NULL, NULL, NULL, NULL),
('58', '7', 'telekocsi', '1', NULL, NULL, NULL, NULL),
('59', '7', 'eszköz kölcsönző', '2', NULL, NULL, NULL, NULL),
('60', '7', 'km-számláló', '3', NULL, NULL, NULL, NULL),
('61', '7', 'karbonsemlegesítés', '4', NULL, NULL, NULL, NULL),
('62', '7', 'biciklitároló', '5', NULL, NULL, NULL, NULL),
('63', '7', 'autómegosztás', '6', NULL, NULL, NULL, NULL),
('64', '7', 'egyéb +', '7', NULL, NULL, NULL, NULL),
('65', '8', 'épületek szigetelése', '1', NULL, NULL, NULL, NULL),
('66', '8', 'fűtés korszerűsítése', '2', NULL, NULL, NULL, NULL),
('67', '8', 'szigetelt nyílászárók', '3', NULL, NULL, NULL, NULL),
('68', '8', 'víz és csatorna rendszer korszerűsítése', '4', NULL, NULL, NULL, NULL),
('69', '8', 'világítás és kapcsolórendszerek', '5', NULL, NULL, NULL, NULL),
('70', '8', 'energiahatékony eszközök (hűtő, mosogatógép, stb.)', '6', NULL, NULL, NULL, NULL),
('71', '8', 'napkollektor beszerelés', '7', NULL, NULL, NULL, NULL),
('72', '8', 'egyéb megújuló energia forrás kiépítése', '8', NULL, NULL, NULL, NULL),
('73', '8', 'szürkevíz gyűjtő kiépítése', '9', NULL, NULL, NULL, NULL),
('74', '8', 'beruházások alkalmával tudatos csökkentése az energiafelhasználásnak', '10', NULL, NULL, NULL, NULL),
('75', '8', 'környezeti szempontokban jártas szakemberek bevonása', '11', NULL, NULL, NULL, NULL),
('76', '8', 'egyéb +', '12', NULL, NULL, NULL, NULL),
('77', '9', 'energia csökkentésre ösztönzés', '1', NULL, NULL, NULL, NULL),
('78', '9', 'hulladékcsökkentésre ösztönzés', '2', NULL, NULL, NULL, NULL),
('79', '9', 'autóhasználat csökkentésére ösztönzés', '3', NULL, NULL, NULL, NULL),
('80', '9', 'séta, biciklizés népszerűsítése', '4', NULL, NULL, NULL, NULL),
('81', '9', 'helyi termelőktől való vásárlás ösztönzése', '5', NULL, NULL, NULL, NULL),
('82', '9', 'etikus befektetésre, tudatos gazdálkodásra ösztönzés', '6', NULL, NULL, NULL, NULL),
('83', '9', 'személyes/egyéni gazdálkodás tudatosítása (hitel, személyi kölcsön, stb.)', '7', NULL, NULL, NULL, NULL),
('84', '9', '(gyakorlati tanácsok, ösztönzés: hírlevél, web, közösségi oldal, stb.)', '8', NULL, NULL, NULL, NULL),
('85', '9', 'szemléletformáló alkalmak szervezése', '9', NULL, NULL, NULL, NULL),
('86', '9', 'helyi környezeti ügyek megjelenése', '10', NULL, NULL, NULL, NULL),
('87', '9', 'klímaigazságosság témájának megjelenése', '11', NULL, NULL, NULL, NULL),
('88', '9', 'egyéb +', '12', NULL, NULL, NULL, NULL),
('89', '10', 'közösségi finanszírozás', '1', NULL, NULL, NULL, NULL),
('90', '10', 'közösségi munkavégzés ', '2', NULL, NULL, NULL, NULL),
('91', '10', 'saját forrás használat', '3', NULL, NULL, NULL, NULL),
('92', '10', 'tudatos költségvetés tervezés', '4', NULL, NULL, NULL, NULL),
('93', '10', 'mikrofinanszírozás, etikus befektetések', '5', NULL, NULL, NULL, NULL),
('94', '10', 'helyi szociális források használata', '6', NULL, NULL, NULL, NULL),
('95', '10', 'helyi termelők támogatása', '7', NULL, NULL, NULL, NULL),
('96', '10', 'etikus forrásból származó termékek és szolgáltatások használata', '8', NULL, NULL, NULL, NULL),
('97', '10', 'adományozás vagy adomány gyűjtés', '9', NULL, NULL, NULL, NULL),
('98', '10', 'távoli szociális ügyek támogatása', '10', NULL, NULL, NULL, NULL),
('99', '10', 'egyéb +', '11', NULL, NULL, NULL, NULL),
('100', '11', 'növényekkel való differenciált bánás', '1', NULL, NULL, NULL, NULL),
('101', '11', 'biodiverzitás - madáretető', '2', NULL, NULL, NULL, NULL),
('102', '11', 'biodiverzitás - rovarszálló', '3', NULL, NULL, NULL, NULL),
('103', '11', 'öshonos gyümölcsfa ültetés', '4', NULL, NULL, NULL, NULL),
('104', '11', 'gyümölcs, zöldség vagy fűszernövény termesztés', '5', NULL, NULL, NULL, NULL),
('105', '11', 'közösségi kert', '6', NULL, NULL, NULL, NULL),
('106', '11', 'kültéri/kerti gyülekezeti alkalmak', '7', NULL, NULL, NULL, NULL),
('107', '11', 'temető gondozás', '8', NULL, NULL, NULL, NULL),
('108', '11', 'temetői zöldhulladék gyűjtés', '9', NULL, NULL, NULL, NULL),
('109', '11', 'egyéb +', '10', NULL, NULL, NULL, NULL),
('110', '12', 'jógyakorlatok megosztása', '1', NULL, NULL, NULL, NULL),
('111', '12', 'elérhető segítség', '2', NULL, NULL, NULL, NULL),
('112', '12', 'megkeresi, utánajár, hirdeti', '3', NULL, NULL, NULL, NULL),
('113', '12', 'alkalmakat szervez többeknek', '4', NULL, NULL, NULL, NULL),
('114', '12', 'összefogja a régiót', '5', NULL, NULL, NULL, NULL),
('115', '12', 'program hirdetése, terjesztése', '6', NULL, NULL, NULL, NULL),
('116', '12', 'testvérgyülekezeti együttműködés +', '7', NULL, NULL, NULL, NULL),
('117', '12', 'egyéb +', '8', NULL, NULL, NULL, NULL);

INSERT INTO `meet_commitments_by_questions` (`question_option_id`, `commitment_option_id`) VALUES
('1', '1'),
('1', '5'),
('2', '2'),
('2', '6'),
('3', '3'),
('3', '7'),
('4', '4'),
('4', '8'),
('5', '9'),
('6', '10'),
('7', '11'),
('8', '12'),
('9', '13'),
('10', '14'),
('11', '15'),
('12', '16'),
('13', '17'),
('14', '18'),
('15', '19'),
('16', '20'),
('17', '21'),
('18', '22'),
('19', '23'),
('20', '24'),
('21', '25'),
('22', '26'),
('23', '27'),
('24', '28'),
('25', '29'),
('26', '30'),
('27', '31'),
('28', '32'),
('29', '33'),
('30', '35'),
('31', '36'),
('32', '37'),
('33', '38'),
('34', '34'),
('35', '39'),
('35', '43'),
('35', '73'),
('36', '40'),
('36', '44'),
('36', '74'),
('37', '41'),
('37', '45'),
('37', '75'),
('38', '42'),
('38', '46'),
('38', '76'),
('39', '47'),
('40', '48'),
('41', '49'),
('42', '50'),
('43', '51'),
('44', '52'),
('45', '53'),
('46', '54'),
('47', '55'),
('48', '56'),
('49', '57'),
('50', '58'),
('51', '59'),
('52', '60'),
('53', '102'),
('54', '103'),
('55', '104'),
('56', '105'),
('57', '106'),
('58', '109'),
('59', '110'),
('60', '111'),
('61', '113'),
('62', '114'),
('63', '115'),
('64', '116'),
('65', '112'),
('66', '117'),
('67', '118'),
('68', '119'),
('69', '120'),
('70', '121'),
('71', '122'),
('72', '123'),
('73', '124'),
('74', '125'),
('75', '126'),
('76', '127'),
('77', '128'),
('78', '129'),
('79', '147'),
('80', '148'),
('81', '149'),
('82', '150'),
('83', '154'),
('84', '155'),
('85', '156'),
('86', '157'),
('87', '158'),
('88', '159'),
('89', '160'),
('90', '161'),
('91', '162'),
('92', '163'),
('93', '164'),
('94', '165'),
('95', '166'),
('96', '167'),
('97', '168'),
('98', '169'),
('99', '170'),
('100', '171'),
('101', '172'),
('102', '173'),
('103', '174'),
('104', '175'),
('105', '130'),
('106', '131'),
('107', '176'),
('108', '177'),
('109', '77'),
('110', '78'),
('111', '79'),
('112', '80'),
('113', '81'),
('114', '82'),
('115', '61'),
('116', '62'),
('117', '63'),
('118', '64'),
('119', '65'),
('120', '66'),
('121', '67'),
('122', '68'),
('124', '83'),
('125', '84'),
('126', '85'),
('127', '86'),
('128', '87'),
('129', '88'),
('130', '69'),
('131', '70'),
('132', '71'),
('133', '72'),
('134', '89'),
('135', '90'),
('136', '91'),
('137', '92'),
('138', '93'),
('139', '94'),
('140', '95'),
('141', '96'),
('142', '97'),
('143', '98'),
('144', '99'),
('145', '100'),
('146', '101'),
('153', '197'),
('154', '198'),
('155', '199'),
('156', '200'),
('157', '201'),
('158', '202'),
('159', '203'),
('160', '204'),
('161', '205'),
('162', '206'),
('163', '207'),
('164', '208'),
('165', '209'),
('166', '210'),
('167', '132'),
('168', '133'),
('169', '134'),
('170', '135'),
('171', '136'),
('172', '137'),
('173', '138'),
('174', '139'),
('175', '140'),
('176', '141'),
('177', '206'),
('178', '207'),
('179', '208'),
('180', '130'),
('180', '211'),
('181', '131'),
('181', '212'),
('182', '142'),
('183', '143'),
('186', '144'),
('187', '145'),
('188', '213'),
('189', '214'),
('190', '215'),
('191', '216'),
('192', '107'),
('193', '108'),
('194', '217'),
('195', '218'),
('196', '219'),
('197', '220'),
('198', '146'),
('201', '178'),
('201', '180'),
('201', '182'),
('202', '179'),
('202', '181'),
('202', '183'),
('203', '184'),
('204', '185'),
('205', '186'),
('206', '187'),
('207', '188'),
('208', '189'),
('209', '190'),
('210', '191'),
('211', '192'),
('212', '193'),
('213', '194'),
('214', '195'),
('215', '151'),
('216', '152'),
('217', '153'),
('218', '196');

INSERT INTO `meet_modules` (`id`, `name`, `slug`, `threshold`, `description`, `description_pdf`) VALUES
('1', 'Mustármag', 'mustarmag', '0', 'Quam temere in vitiis, legem sancimus haerentia. Ut enim ad minim veniam, quis nostrud exercitation. At nos hinc posthac, sitientis piros Afros. Hi omnes lingua, institutis, legibus inter se differunt.', 'Quam temere in vitiis, legem sancimus haerentia. Ut enim ad minim veniam, quis nostrud exercitation. At nos hinc posthac, sitientis piros Afros. Hi omnes lingua, institutis, legibus inter se differunt.'),
('2', 'Liliom', 'liliom', '250', 'Quam temere in vitiis, legem sancimus haerentia. Ut enim ad minim veniam, quis nostrud exercitation. At nos hinc posthac, sitientis piros Afros. Hi omnes lingua, institutis, legibus inter se differunt.', 'Quam temere in vitiis, legem sancimus haerentia. Ut enim ad minim veniam, quis nostrud exercitation. At nos hinc posthac, sitientis piros Afros. Hi omnes lingua, institutis, legibus inter se differunt.'),
('3', 'Szőlővessző', 'szolovesszo', '500', 'Quam temere in vitiis, legem sancimus haerentia. Ut enim ad minim veniam, quis nostrud exercitation. At nos hinc posthac, sitientis piros Afros. Hi omnes lingua, institutis, legibus inter se differunt.', 'Quam temere in vitiis, legem sancimus haerentia. Ut enim ad minim veniam, quis nostrud exercitation. At nos hinc posthac, sitientis piros Afros. Hi omnes lingua, institutis, legibus inter se differunt.'),
('4', 'Fügefa', 'fugefa', '750', 'Quam temere in vitiis, legem sancimus haerentia. Ut enim ad minim veniam, quis nostrud exercitation. At nos hinc posthac, sitientis piros Afros. Hi omnes lingua, institutis, legibus inter se differunt.', 'Quam temere in vitiis, legem sancimus haerentia. Ut enim ad minim veniam, quis nostrud exercitation. At nos hinc posthac, sitientis piros Afros. Hi omnes lingua, institutis, legibus inter se differunt.'),
('5', 'Cédrus', 'cedrus', '1000', 'Quam temere in vitiis, legem sancimus haerentia. Ut enim ad minim veniam, quis nostrud exercitation. At nos hinc posthac, sitientis piros Afros. Hi omnes lingua, institutis, legibus inter se differunt.', 'Quam temere in vitiis, legem sancimus haerentia. Ut enim ad minim veniam, quis nostrud exercitation. At nos hinc posthac, sitientis piros Afros. Hi omnes lingua, institutis, legibus inter se differunt.');

INSERT INTO `meet_org_commitment_fills` (`id`, `org_id`, `date`, `target_module_id`, `org_type`, `manual_score`, `approved`, `comment`, `manual_module_id`) VALUES
('6', '9201', '2020-08-22 15:53:26', '3', '1301', NULL, '0', NULL, NULL),
('7', '9201', '2020-08-22 19:01:46', '3', '1301', NULL, '0', NULL, NULL);

INSERT INTO `meet_org_commitment_option_instances` (`id`, `name`, `commitment_category_id`) VALUES
('1', 'Templom', '8'),
('2', 'Gyülekezeti terem', '8'),
('3', 'Templom', '8'),
('4', 'Gyülekezeti terem', '8'),
('5', 'Templom', '8'),
('6', 'Gyülekezeti terem', '8'),
('7', 'Templom', '8'),
('8', 'Gyülekezeti terem', '8'),
('9', 'Templom', '8'),
('10', 'Gyülekezeti terem', '8'),
('11', '1', '8'),
('12', '2', '8'),
('13', '1', '8');

INSERT INTO `meet_org_commitment_options` (`id`, `months`, `org_commitment_fill_id`, `commitment_option_id`, `custom_input`, `instance_id`) VALUES
('1', '1', '1', '14', NULL, NULL),
('2', '3', '1', '1', NULL, NULL),
('3', '12', '1', '32', NULL, NULL),
('4', NULL, '1', '9', NULL, NULL),
('5', NULL, '1', '5', NULL, NULL),
('6', NULL, '1', '19', NULL, NULL),
('7', NULL, '1', '24', NULL, NULL),
('8', NULL, '1', '27', NULL, NULL),
('9', NULL, '1', '34', NULL, NULL),
('10', NULL, '1', '38', NULL, NULL),
('11', NULL, '1', '58', NULL, NULL),
('12', NULL, '1', '63', NULL, NULL),
('13', NULL, '1', '65', NULL, NULL),
('14', NULL, '1', '163', NULL, NULL),
('15', NULL, '1', '155', NULL, NULL),
('16', NULL, '1', '159', NULL, NULL),
('17', NULL, '1', '166', NULL, NULL),
('18', NULL, '1', '173', NULL, NULL),
('19', NULL, '1', '111', NULL, NULL),
('20', NULL, '1', '114', NULL, NULL),
('21', NULL, '1', '118', NULL, NULL),
('22', NULL, '1', '133', NULL, NULL),
('23', NULL, '1', '130', NULL, NULL),
('24', NULL, '1', '137', NULL, NULL),
('25', NULL, '1', '146', NULL, NULL),
('26', NULL, '1', '103', NULL, NULL),
('27', NULL, '1', '105', NULL, NULL),
('28', NULL, '1', '198', NULL, '1'),
('29', NULL, '1', '198', NULL, '2'),
('30', NULL, '1', '207', NULL, '1'),
('31', NULL, '1', '207', NULL, '2'),
('32', NULL, '1', '202', NULL, '1'),
('33', NULL, '1', '202', NULL, '2'),
('34', NULL, '1', '77', NULL, NULL),
('35', NULL, '1', '82', NULL, NULL),
('36', NULL, '1', '101', NULL, NULL),
('37', NULL, '1', '196', NULL, NULL),
('38', NULL, '1', '177', NULL, NULL),
('39', '1', '2', '14', NULL, NULL),
('40', '3', '2', '1', NULL, NULL),
('41', '12', '2', '32', NULL, NULL),
('42', NULL, '2', '9', NULL, NULL),
('43', NULL, '2', '5', NULL, NULL),
('44', NULL, '2', '19', NULL, NULL),
('45', NULL, '2', '24', NULL, NULL),
('46', NULL, '2', '27', NULL, NULL),
('47', NULL, '2', '34', NULL, NULL),
('48', NULL, '2', '38', NULL, NULL),
('49', NULL, '2', '58', NULL, NULL),
('50', NULL, '2', '63', NULL, NULL),
('51', NULL, '2', '65', NULL, NULL),
('52', NULL, '2', '163', NULL, NULL),
('53', NULL, '2', '155', NULL, NULL),
('54', NULL, '2', '159', NULL, NULL),
('55', NULL, '2', '166', NULL, NULL),
('56', NULL, '2', '173', NULL, NULL),
('57', NULL, '2', '111', NULL, NULL),
('58', NULL, '2', '114', NULL, NULL),
('59', NULL, '2', '118', NULL, NULL),
('60', NULL, '2', '133', NULL, NULL),
('61', NULL, '2', '130', NULL, NULL),
('62', NULL, '2', '137', NULL, NULL),
('63', NULL, '2', '146', NULL, NULL),
('64', NULL, '2', '103', NULL, NULL),
('65', NULL, '2', '105', NULL, NULL),
('66', NULL, '2', '198', NULL, '3'),
('67', NULL, '2', '198', NULL, '4'),
('68', NULL, '2', '207', NULL, '3'),
('69', NULL, '2', '207', NULL, '4'),
('70', NULL, '2', '202', NULL, '3'),
('71', NULL, '2', '202', NULL, '4'),
('72', NULL, '2', '77', NULL, NULL),
('73', NULL, '2', '82', NULL, NULL),
('74', NULL, '2', '101', NULL, NULL),
('75', NULL, '2', '196', NULL, NULL),
('76', NULL, '2', '177', NULL, NULL),
('77', '1', '3', '14', NULL, NULL),
('78', '3', '3', '1', NULL, NULL),
('79', '12', '3', '32', NULL, NULL),
('80', NULL, '3', '9', NULL, NULL),
('81', NULL, '3', '5', NULL, NULL),
('82', NULL, '3', '19', NULL, NULL),
('83', NULL, '3', '24', NULL, NULL),
('84', NULL, '3', '27', NULL, NULL),
('85', NULL, '3', '34', NULL, NULL),
('86', NULL, '3', '38', NULL, NULL),
('87', NULL, '3', '58', NULL, NULL),
('88', NULL, '3', '63', NULL, NULL),
('89', NULL, '3', '65', NULL, NULL),
('90', NULL, '3', '163', NULL, NULL),
('91', NULL, '3', '155', NULL, NULL),
('92', NULL, '3', '159', NULL, NULL),
('93', NULL, '3', '166', NULL, NULL),
('94', NULL, '3', '173', NULL, NULL),
('95', NULL, '3', '111', NULL, NULL),
('96', NULL, '3', '114', NULL, NULL),
('97', NULL, '3', '118', NULL, NULL),
('98', NULL, '3', '133', NULL, NULL),
('99', NULL, '3', '130', NULL, NULL),
('100', NULL, '3', '137', NULL, NULL),
('101', NULL, '3', '146', NULL, NULL),
('102', NULL, '3', '103', NULL, NULL),
('103', NULL, '3', '105', NULL, NULL),
('104', NULL, '3', '198', NULL, '5'),
('105', NULL, '3', '198', NULL, '6'),
('106', NULL, '3', '207', NULL, '5'),
('107', NULL, '3', '207', NULL, '6'),
('108', NULL, '3', '202', NULL, '5'),
('109', NULL, '3', '202', NULL, '6'),
('110', NULL, '3', '77', NULL, NULL),
('111', NULL, '3', '82', NULL, NULL),
('112', NULL, '3', '101', NULL, NULL),
('113', NULL, '3', '196', NULL, NULL),
('114', NULL, '3', '177', NULL, NULL),
('115', '1', '4', '14', NULL, NULL),
('116', '3', '4', '1', NULL, NULL),
('117', '12', '4', '32', NULL, NULL),
('118', NULL, '4', '9', NULL, NULL),
('119', NULL, '4', '5', NULL, NULL),
('120', NULL, '4', '19', NULL, NULL),
('121', NULL, '4', '24', NULL, NULL),
('122', NULL, '4', '27', NULL, NULL),
('123', NULL, '4', '34', NULL, NULL),
('124', NULL, '4', '38', NULL, NULL),
('125', NULL, '4', '58', NULL, NULL),
('126', NULL, '4', '63', NULL, NULL),
('127', NULL, '4', '65', NULL, NULL),
('128', NULL, '4', '163', NULL, NULL),
('129', NULL, '4', '155', NULL, NULL),
('130', NULL, '4', '159', NULL, NULL),
('131', NULL, '4', '166', NULL, NULL),
('132', NULL, '4', '173', NULL, NULL),
('133', NULL, '4', '111', NULL, NULL),
('134', NULL, '4', '114', NULL, NULL),
('135', NULL, '4', '118', NULL, NULL),
('136', NULL, '4', '133', NULL, NULL),
('137', NULL, '4', '130', NULL, NULL),
('138', NULL, '4', '137', NULL, NULL),
('139', NULL, '4', '146', NULL, NULL),
('140', NULL, '4', '103', NULL, NULL),
('141', NULL, '4', '105', NULL, NULL),
('142', NULL, '4', '198', NULL, '7'),
('143', NULL, '4', '198', NULL, '8'),
('144', NULL, '4', '207', NULL, '7'),
('145', NULL, '4', '207', NULL, '8'),
('146', NULL, '4', '202', NULL, '7'),
('147', NULL, '4', '202', NULL, '8'),
('148', NULL, '4', '77', NULL, NULL),
('149', NULL, '4', '82', NULL, NULL),
('150', NULL, '4', '101', NULL, NULL),
('151', NULL, '4', '196', NULL, NULL),
('152', NULL, '4', '177', NULL, NULL),
('153', '1', '5', '14', NULL, NULL),
('154', '3', '5', '1', NULL, NULL),
('155', '12', '5', '32', NULL, NULL),
('156', NULL, '5', '9', NULL, NULL),
('157', NULL, '5', '5', NULL, NULL),
('158', NULL, '5', '19', NULL, NULL),
('159', NULL, '5', '24', NULL, NULL),
('160', NULL, '5', '27', NULL, NULL),
('161', NULL, '5', '34', NULL, NULL),
('162', NULL, '5', '38', NULL, NULL),
('163', NULL, '5', '58', NULL, NULL),
('164', NULL, '5', '63', NULL, NULL),
('165', NULL, '5', '65', NULL, NULL),
('166', NULL, '5', '163', NULL, NULL),
('167', NULL, '5', '155', NULL, NULL),
('168', NULL, '5', '159', NULL, NULL),
('169', NULL, '5', '166', NULL, NULL),
('170', NULL, '5', '173', NULL, NULL),
('171', NULL, '5', '111', NULL, NULL),
('172', NULL, '5', '114', NULL, NULL),
('173', NULL, '5', '118', NULL, NULL),
('174', NULL, '5', '133', NULL, NULL),
('175', NULL, '5', '130', NULL, NULL),
('176', NULL, '5', '137', NULL, NULL),
('177', NULL, '5', '146', NULL, NULL),
('178', NULL, '5', '103', NULL, NULL),
('179', NULL, '5', '105', NULL, NULL),
('180', NULL, '5', '198', NULL, '9'),
('181', NULL, '5', '198', NULL, '10'),
('182', NULL, '5', '207', NULL, '9'),
('183', NULL, '5', '207', NULL, '10'),
('184', NULL, '5', '202', NULL, '9'),
('185', NULL, '5', '202', NULL, '10'),
('186', NULL, '5', '77', NULL, NULL),
('187', NULL, '5', '82', NULL, NULL),
('188', NULL, '5', '101', NULL, NULL),
('189', NULL, '5', '196', NULL, NULL),
('190', NULL, '5', '177', NULL, NULL),
('191', NULL, '6', '13', NULL, NULL),
('192', NULL, '6', '1', NULL, NULL),
('193', NULL, '6', '31', NULL, NULL),
('194', NULL, '6', '10', NULL, NULL),
('195', NULL, '6', '19', NULL, NULL),
('196', NULL, '6', '202', NULL, '11'),
('197', '1', '7', '13', NULL, NULL),
('198', '3', '7', '1', NULL, NULL),
('199', '12', '7', '31', NULL, NULL),
('200', NULL, '7', '10', NULL, NULL),
('201', NULL, '7', '19', NULL, NULL),
('202', NULL, '7', '202', NULL, '13');

INSERT INTO `meet_org_question_answer_instances` (`id`, `name`, `question_category_id`) VALUES
('1', 'Templom', '6'),
('2', 'Gyülekezeti terem', '6');

INSERT INTO `meet_org_question_answers` (`id`, `org_question_fill_id`, `question_option_id`, `custom_input`, `instance_id`) VALUES
('1', '1', '1', NULL, NULL),
('2', '1', '5', NULL, NULL),
('3', '1', '10', NULL, NULL),
('4', '1', '15', NULL, NULL),
('5', '1', '20', NULL, NULL),
('6', '1', '23', NULL, NULL),
('7', '1', '28', NULL, NULL),
('8', '1', '33', NULL, NULL),
('9', '1', '34', 'teszt', NULL),
('10', '1', '50', NULL, NULL),
('11', '1', '54', NULL, NULL),
('12', '1', '56', NULL, NULL),
('13', '1', '60', NULL, NULL),
('14', '1', '62', NULL, NULL),
('15', '1', '67', NULL, NULL),
('16', '1', '84', NULL, NULL),
('17', '1', '88', NULL, NULL),
('18', '1', '92', NULL, NULL),
('19', '1', '95', NULL, NULL),
('20', '1', '102', NULL, NULL),
('21', '1', '105', NULL, NULL),
('22', '1', '108', NULL, NULL),
('23', '1', '109', NULL, NULL),
('24', '1', '114', NULL, NULL),
('25', '1', '117', NULL, NULL),
('26', '1', '119', NULL, NULL),
('27', '1', '123', NULL, NULL),
('28', '1', '146', NULL, NULL),
('29', '1', '198', NULL, NULL),
('30', '1', '154', NULL, '1'),
('31', '1', '153', NULL, '2'),
('32', '1', '158', NULL, '1'),
('33', '1', '157', NULL, '2'),
('34', '1', '162', NULL, '1'),
('35', '1', '163', NULL, '2'),
('36', '1', '168', NULL, '1'),
('37', '1', '168', NULL, '2'),
('38', '1', '171', NULL, '1'),
('39', '1', '172', NULL, '2'),
('40', '1', '218', NULL, NULL);

INSERT INTO `meet_org_question_fills` (`id`, `org_id`, `date`, `org_type`) VALUES
('1', '9201', '2020-08-22 11:20:56', '1301');

INSERT INTO `meet_posts` (`id`, `title`, `image`, `tags`, `intro`, `text`, `date`, `order`) VALUES
('1', 'Ökokörök az Ajkai gyülekezetben', 'hir_01_ajka_okokor.jpg', '[\"hír\", \"esemény\", \"teremtésvédelem\", \"gyülekezet\"]', 'Ajka – Ökokört indított az Ajkai Evangélikus Egyházközség. Az öt alkalomból álló foglalkozás sorozatot Kovácsné Sterczer Rita vezeti, aki maga és családja életét, s környezetét is igyekszik minél jobban „zöldíteni”.', '<p>Rita elmesélte, hogy először akkor kezdett el környezettudatosan gondolkodni, amikor kislányát, Zoét várta. A vegyszeres takarítószerek használata során döbbent rá arra, hogy a takarítás során belélegzett vegyszerek nem csak a saját egészségét veszélyeztetik, hanem már gyermekét is. Majd elkezdett kutakodni természetesebb, egészségkímélőbb megoldások után. </p>\n<p>„Amit mindenképpen megemlítenék, az a mosható pelenka használata, amit környezettudatosság mellett anyagi megfontolásból is választottunk. Aztán szépen lassan a háztartásunk is elkezdett „zöldülni”. Mivel egyre fontosabbnak tartottam ezt a szemléletet követni, saját magam is kezdtem kutakodni a neten. Így találtam rá a Tudatos Vásárlók Egyesületére, akik jobbnál jobb praktikákat osztottak meg e témában. Nagyobb háztartási gépek vásárlása előtt pedig terméktesztjük segítségével választottuk ki a számunkra legmegfelelőbb háztartási eszközt” – mondta. </p>\n<p>Ahogy rendszeresen böngészett honlapjukon, látta, hogy van Ökokör programjuk is. Majd felvette a kapcsolatot az egyesülettel, és bár nem azonnal, de sikerült az Ökokör vezetőképzőjébe bekerülnie.</p>\n<p>„Ezen a képzésen részletes tájékoztatást és segédanyagokat kaptunk a foglalkozások vezetéséhez – magyarázta Kovácsné Sterczer Rita. – Emellett számomra is új információkkal is bővült a tudásom. A foglalkozássorozatok több témakört ölelnek át. A mostani, amit indítottam, az a Tiszta otthon Ökokör, amely a lakás helyiségeinek (konyha, fürdő, nappali) vegyszermentes tisztán tartására fókuszál. Ezenkívül lehetőség van Ökokör Kamra és a teljes Ökokör (hulladékgazdálkodás, energiagazdálkodás, tisztítószerek használata, hulladékmentes élelmiszer stb.) program szervezésére is. A mostani kör tapasztalatainak és visszajelzéseinek birtokában szeretném a többi témát is feldolgozni.”</p>\n<p>Rita elmesélte azt is, hogy azért jó ez a kör, mivel a résztvevők kiscsoportos keretek között osztják meg egymással ötleteiket és tapasztalataikat; olyan az egész, mint egy tanulócsoport:</p>\n<p>„Nagyon tetszik a program felépítése, amelyhez a szervező egyesület minden résztvevőnek munkafüzetet is biztosít. Ebbe az egyes helyiségek vegyszermentes takarításához adnak recepteket, de hagynak üres helyet a saját vagy az ökotárs bevált receptjének vagy vállalásának feljegyzésére is. Hiszen a résztvevők minden alkalommal vállalásokat tesznek a közösség előtt, hogy otthon mit próbálnak ki az órán megbeszélt ötletek közül. Aztán a következő héten beszámolnak tapasztalataikról, vagy akár mintát is hoznak a többieknek. Volt aki wc tisztító bombát, volt aki illatosító kockát hozott, de előkerültek nagyanyáink jól bevált textil törlőkendői is.”</p>\n<p>Kiemelte, hogy azért gyülekezeten belül szervezte meg a csoportot, mert a teremtésvédelem kiemelt része keresztény szemléletünknek, aktualitása pedig egyre fontosabb szerepet kell, hogy betöltsön életünkben. „Emellett közösségformáló hatása sem elhanyagolható, hiszen igaz, hogy találkozunk vasárnaponként, vagy akár bibliaórákon, de ezen alkalmak tematikája adott és kötött. Így egy újabb érdeklődési kör iránt fogékony csoportot tudtunk megszólítani, ezzel is színesítve gyülekezeti életünket” – tette hozzá. </p>\n<p>Beszélgetésünk zárásaként egy nyári teremtésvédelmi konferencián hallott élményét osztotta meg: „Az előadáson szó volt arról, hogy a teremtést Istentől kaptuk, ő ajándékozta nekünk a világot és minket is belehelyezett. Mindez olyan csodálatosan lett kitalálva. Ezzel kapcsolatosan jegyezte meg az egyik résztvevő, hogy miként lehet az, hogy ezek tudatában nem zöld szemléletű még minden keresztény? Jogos a kérdés, és tényleg érdemes ezt végiggondolni. Ezért is tartottam fontosnak, hogy foglalkozzunk gyülekezetként és persze egyéni emberként is, hogy mit tehetünk a teremtett világ védelmében.”</p>\n<p>Szöveg: Schvarczkopf Anita</p>', '2020-08-23', '1'),
('2', 'Teremtésvédelmi műhelysorozat indult Kelenföldön', 'hir_02_kelenzold_muhelynap.jpg', '[\"hír\", \"esemény\", \"teremtésvédelem\", \"gyülekezet\"]', 'Teremtésvédelmi műhely sorozatot indított a Kelenföldi Evangélikus Gyülekezet öko-csoporja, a KelenZöld. A műhely sorozat négy alkalmának keretében a résztvevőknek alkalma nyílik kipróbálni, eltanulni és elkészíteni olyan környezetet kímélő megoldásokat és eszközöket, amelyeknek jó hasznát vehetjük a házunk táján.', '<p>Igazán remek volt az első KelenZöld műhelynap a <a href=\"https://www.facebook.com/kelenfoldi.evangelikusgyulekezet\">Kelenföldi Evangélikus Gyülekezet</a> zöld csoportjának szervezésében.</p>\n<p>Az első alkalmon a résztvevők „ökolöttyöt”, azaz általános tisztítószert, mosószert és öblítőt készítettek, amik szuper, hatékony alternatívái a különböző környezetre káros, műanyagokba csomagolt szereknek, és hihetetlen könnyű őket elkészíteni.</p>\n<p>Az alkalmon az <a href=\"https://www.facebook.com/EHEteol\">Evangélikus Hittudományi Egyetem</a> és a <a href=\"https://www.facebook.com/Melanchthon-Evang%C3%A9likus-Szakkoll%C3%A9gium-1599094830163701\">Melanchthon Evangélikus Szakkollégium</a> hallgatóinak csoportja is jól érezte magát. Örülünk, hogy jöttetek!</p>\n<p>A következő alkalmakon lehetőség lesz használt anyagokból táskát, ökozsákot varrni, magbombát és méhecske szállót készíteni, illetve házi szappant önteni. Várunk mindenkit szeretettel műhely alkalmainkon! Jelentkezni a <a href=\"mailto:kelenzold@lutheran.hu\">kelenzold@lutheran.hu</a> címre írt levélben lehet.</p>', '2020-08-23', '2'),
('3', 'Istentisztelet a kertből', 'hir_03_istentisztelet_kert.jpg', '[\"hír\", \"istentisztelet\", \"gyülekezet\"]', 'Szeretettel ajánljuk a Józsefvárosi Evangélikus Gyülekezet lelkészének, Rihay Szabolcsnak húsvét hajnali istentiszteletét. “Én tényleg a kertész vagyok.\"', '<p>Rendhagyó húsvét hajnali istentiszteletet ünnepelt a Józsefvárosi Evangélikus Gyülekezet. Rihay Szabolcs, lelkész a “kertből” hirdette Isten igéjét Jób könyve 19, 25-26 alapján ezen az ünnepi alkalmon. “Én tényleg a kertész vagyok” címmel az alábbi YouTube csatornán tekinthető meg az istentisztelet. Szeretettel ajánljuk mindenkinek:</p>\n<p><a href=\"https://www.youtube.com/watch?v=y8CKUxL2v9E&amp;t=8s\">https://www.youtube.com/watch?v=y8CKUxL2v9E&amp;t=8s</a></p>', '2020-08-23', '3'),
('4', 'OIKOSZRECEPT', 'hir_04_oikoszrecept.jpg', '[\"hír\", \"kampány\", \"Facebook\", \"Ararát\", \"OIKOSZ\", \"mindenki\"]', 'Augusztustól receptgyűjtő és -megosztó kampányt hirdetünk a Facebook-on!\\nFőztél valami finomat, amihez nem volt recept? Helyi vagy szezonális alapanyagokból kreálsz ételeket? Karantén alatt otthon talált alapanyagokból főztél saját ötleteid szerint? Egyébként is szeretsz kísérletezni a főzésben?', '<p>Oszd meg mindenkivel, oszd meg velünk is!</p>\n<p>Az OIKOSZ - közös házban élünk program recept gyűjtő és megosztó akciót szervez:</p>\n<ul>\n<li>készíts képet a kész ételről vagy az alapanyagról</li>\n<li>írd össze a hozzávalók listáját</li>\n<li>néhány szóban oszd meg hogyan készül</li>\n<li>tartozik hozzá történet is? Meséld el, hogyan készült először, milyen élmény ihletett!</li>\n</ul>\n<p>Posztold ki Facebookra a <a href=\"https://www.facebook.com/hashtag/oikoszrecept\">#oikoszrecept</a> hashtag használatával, tedd nyilvánosra a posztot és jelölj meg minket: @araratteremtesvedelem (Mi is tovább fogjuk posztolni a recepteket.)</p>\n<p>Hetente apró, de környezettudatos nyereményt küldünk a legtöbb like-ot gyűjtő recept megosztójának! (A heti eredményeket szombat esténként zárjuk majd.)</p>\n<p>Te mit főzöl holnap? Inspirációra vágysz? Nézd meg az <a href=\"https://www.facebook.com/hashtag/oikoszrecept\">#oikoszrecept</a>-eket!</p>', '2020-08-23', '4'),
('5', 'Elindult a MEET program', 'hir_05_meet_indulas.jpg', '[\"hír\", \"teremtésvédelem\", \"mindenki\"]', 'Műveld és őrizd! Evangélikus Egyházi Teremtésvédelmi program indul.', '', '2020-08-23', '5'),
('6', 'Ünnepeljük együtt a Teremtés hetét', 'meghivo_01_teremteshete.jpg', '[\"meghívó\", \"teremtéshete\", \"mindenki\"]', 'A Teremtés hetét 2020-ban szeptember 27. és október 4. között ünnepeljük.\r\nBíztatjuk a helyi közösségeket, gyülekezeteket, plébániákat, intézményeket, hogy őszi programjuk tervezésebe illesszék be a Teremtés hete megünneplését is! A kezdeményezés igazi célja a helyi közösségi cselekvések, akciók bátorítása.', '<p>Idei témánk: <strong>Teremtő bizonytalanság</strong><br /> <strong><em>\"A remény nem csal meg\" (Róm 5,5a)</em></strong></p>\n<p>Alapigéje a Rómaiakhoz írt levél 5. fejezetének 3-5. versei:</p>\n<p><em>Sőt, dicsekszünk a megpróbáltatásokkal is, mert tudjuk, hogy a megpróbáltatás szüli az állhatatosságot, az állhatatosság a kipróbáltságot, a kipróbáltság a reménységet; a reménység pedig nem szégyenít meg, mert szívünkbe áradt az Isten szeretete a nekünk adott Szentlélek által.</em> (A Magyar Bibliatársulat Revideált új fordítású Bibliájának szövege szerint.)</p>\n<p><em>De nemcsak ezzel, hanem még szenvedéseinkkel is dicsekszünk, mert tudjuk, hogy a szenvedésből türelem fakad, a türelemből kipróbált erény, a kipróbált erényből reménység. A remény pedig nem csal meg, mert a nekünk ajándékozott Szentlélekkel kiáradt szívünkbe az Isten szeretete.</em> (A Szent István Társulati Biblia szövege szerint.)</p>\n<p>Bíztatjuk a helyi közösségeket, gyülekezeteket, plébániákat, intézményeket, hogy őszi programjuk tervezésebe illesszék be a Teremtés hete megünneplését is! A kezdeményezés igazi célja a helyi közösségi cselekvések, akciók bátorítása.</p>', '2020-08-23', '6'),
('7', 'Szervezzünk helyi akciót az idei Teremtés hetére', 'meghivo_02_th_akcio.jpg', '[\"meghívó\", \"teremtéshete\", \"mindenki\"]', 'Az Ökumenikus Teremtésvédelmi Munkacsoport tagjaiként hívjuk az egyházi közösségeket, hogy a tavalyi évhez hasonlóan a Teremtés hete alkalmából, 2020. szeptember 27-e és október 4-e között szervezzenek helyi teremtésvédelmi megmozdulásokat!', '<p>Szervezzünk programokat a Teremtés hetére!</p>\n<p>A teremtett világ megőrzésében nagy szerepük van a helyi közösségeknek. Kis lépésnek tűnő cselekedeteink is sokat számíthatnak környezetünk védelmében. Az egyházi közösségek mintaadóként és értékközvetítőként különösen fontos szerepet játszanak ebben a folyamatban. Szeretnénk arra buzdítani az egyházi közösségeket, hogy ezekben az akciókban működjenek együtt környezetvédelemmel foglalkozó civil szervezetekkel, ezáltal is szélesítve a teremtésvédelmi összefogást. Hiszen a mintaadás és értékközvetítés akkor a leghatékonyabb, ha közösen történik.</p>\n<p>Bátorítunk mindenkit, hogy e szerveződő eseményeket, amint körvonalazódnak, jelezzék felénk. A regisztrált eseményeket megjelentetjük honlapunkon és Facebook-oldalunkon, így más közösségeknek is ötletet, inspirációt adhatunk. Nemcsak a cselekvés fontos, hanem az összefogás is, amelynek egyik módja a kommunikáció: osszuk hát meg együtt annak hírét, ami jó történik közöttünk!</p>\n<p>Az akciókat, rendezvényeket <a href=\"https://docs.google.com/forms/d/e/1FAIpQLSfkym6kpXolejAjc9UIFn7fjvPXFF_ZnG69ZnFVmI3PQN0yWg/viewform\">erre a linkre kattintva</a> lehet regisztrálni.</p>\n<p>(A regisztrált eseményeket honlapunkon és az együttműködő teremtésvédelmi szervezetek facebook oldalain közzétesszük, hirdetjük.)</p>', '2020-08-23', '7'),
('8', 'Természetjáró Evangélikusok', 'meghivo_03_termesz.jpg', '[\"meghívó\", \"termesz\", \"gyülmisz\", \"mindenki\"]', 'A következő túra 2020. október 2-4 Vértes, jelentkezni szeptember 4-ig lehetséges!', '<p>Kedves túra- és természetszerető testvérünk!</p>\n<p>Online túranaptár formájában kínáljuk az idei <strong>Termesz </strong>(Természetjáró Evangélikusok Szövetsége) túralehetőségeit. Az oldal egyben jelentkezési felületként is működik, az egyes alkalmakra külön-külön kell és lehet jelentkezni az adott hétvégét jelölő képre kattintva.<br /> Az általános tudnivalókat igyekeztünk ebben a levélben leírni mind a négy idei programról.<br /> Egységesítettük az egyes hétvégéken való részvétel költségeit, a részvételi díj - amely a szállást és az étkezést foglalja magában - korosztályok szerint a következőképpen alakul mind a négy alkalom esetében:</p>\n<ul>\n<li>Felnőtt: 10 000 Ft</li>\n<li>Ifjúsági (12–18 év): 6 000 Ft</li>\n<li>Gyermek (3–12 év): 4 000 Ft</li>\n<li>Kisgyermek (0–3 év): 0 Ft</li>\n</ul>\n<p>A részvételi díjat előre kérjük átutalással befizetni, az ehhez szükséges részletek a visszaigazoló e-mailben lesznek megtalálhatók.<br /> A jelentkezési és a befizetési határidő az egyes hétvégék jelentkezési felületén látható.<br /> A hétvégéken való részvétel a részvételi díj befizetésével válik véglegessé!<br /> A szállás kapacitásától függően van létszámhatár az egyes programok estében, így ha egy hétvégére már nem lehet jelentkezni, a jelentkezési felület automatikusan lezár.<br /> A hétvége helyszínére az utazás megszervezését minden résztvevőnek magának kell megoldania.<br /> A programok általában péntek este vacsorával kezdődnek és vasárnap ebéddel érnek véget.</p>\n<p>Az egyes hétvégék programszerkezete a következő:<br /> Péntek este nyitó áhítat és közösségi alkalom.<br /> Szombat túranap (a túra útvonalát a résztvevők képességeinek függvényében közösen jelöljük ki péntek este). A túrázáson kívül ezen a napon is van lelki alkalom reggel és este, valamint a túrába építve.<br /> Vasárnap délelőtt istentisztelet (a helyi gyülekezetben vagy a szálláson magunknak szervezve).</p>\n<p><strong>Túranaptár és jelentkezési felület: </strong><a href=\"https://orszagostabor.lutheran.hu/termesz.php\"><strong>https://orszagostabor.lutheran.hu/termesz.php</strong></a><strong>. </strong></p>\n<p>Kérdéseiteket a <a href=\"mailto:gyulmisz@lutheran.hu\">gyulmisz@lutheran.hu</a> címre írt levélben tehetitek fel.</p>\n<p>Testi-lelki felüdülést jelentő közös programok reményében várjuk a jelentkezéseket!<br /> Szeretettel: a Gyülekezeti és Missziói Osztály és a Termesz tagjai</p>', '2020-08-23', '8'),
('9', 'Elérhető segédanyag a Teremtés hete ünnepléséhez', 'jogyak_01_teremteshete.jpg', '[\"jógyakorlat\", \"segédanyag\", \"teremtéshete\", \"mindenki\"]', NULL, '<p>A Teremtés hetének ünnepléséhez készített segédanyag idén többféle verzióban elérhető, hosszabb online változatokban és egy rövidebb nyomdai változatban. A változatok tartalmilag megegyeznek, ezért kérjük, nyomtatáskor gondoljanak a környezetre és használják a print verziót:</p>\n<ol>\n<li><a href=\"https://issuu.com/arterm/docs/teremtes-hete_2020_web\">Online lapozható és mobil optimalizált változat.</a></li>\n<li><a href=\"http://teremtesunnepe.hu/sites/default/files/Teremtes-hete_2020_WEB.pdf\">Online pdf változat (letölthető).</a></li>\n<li><a href=\"http://teremtesunnepe.hu/sites/default/files/Teremtes-hete_2020_PRINT4web.pdf\">Rövid, nyomtató- és környezetbarát (print) változat.</a></li>\n</ol>\n<p>Teremtés heti program hirdetéshez plakát minta letölthető <a href=\"http://teremtesunnepe.hu/sites/default/files/Teremtes-hete_2020_PLAKAT.pdf\">innen</a>.</p>\n<p><em>További információk az idei és korábbi Teremtés hete ünnepekről:</em></p>\n<p><a href=\"http://teremtesunnepe.hu/?q=node/5025\">http://teremtesunnepe.hu</a></p>', '2020-08-23', '9'),
('10', 'Segédanyag helyi akció szervezéshez a Teremtés hetén', '', '[\"jógyakorlat\", \"segédanyag\", \"teremtéshete\", \"gyülekezetek\"]', NULL, NULL, '2020-08-23', '10'),
('11', 'Életigenlő társadalmat és gazdaságot', 'jogyak_03_peticio.jpg', '[\"jógyakorlat\", \"felhívás\", \"peticio\", \"életigenlő\", \"mindenki\"]', 'Száz közéleti személy támogatásával a Magyar Természetvédők Szövetsége aláírásgyűjtést indított az életigenlő társadalom és gazdaság érdekében. Az aláírók gyökeres változásokat szorgalmaznak a koronavírus utáni időkre.', '<p>Éger Ákos, az aláírásgyűjtést elindító Magyar Természetvédők Szövetsége ügyvezető elnöke elmondta, hogy a koronavírus-járvány rámutatott globalizált életünk fenntarthatatlanságára. A problémák okait abban látják, hogy túl sok erőforrást vettünk el a természettől, közösségeinket alárendeltük egy életidegen gazdaságnak, kényelmünkre és anyagi fogyasztásunkra koncentráltunk, önhitté váltunk – azt gondoltuk, a hozzáállásunk okozta problémákat a tudomány és a technika meg fogja oldani.</p>\n<p>Ahogy a fenntarthatóság sem egy-egy szakterület ügye, úgy az érte való cselekvés sem egy-egy társadalmi szereplő feladata. Az aláírók szerint gyökeresen kell változtatnunk, és a változásnak minden szintre ki kell terjednie: az egyéni, közösségi és az állami, gazdasági döntések szintjére is. A petíciót aláírók vállalásokat tesznek egyéni életükben és mint a helyi közösségek tagjai, illetve elvárásokat fogalmaznak meg a döntéshozók felé négy területen:</p>\n<ol>\n<li><strong> A természeti erőforrások fenntartható használatát! </strong>Szükségesnek tartják az erőforrásfelhasználás minimalizálását, kevesebb és tartósabb termékeket, a természetkímélő gazdálkodás előmozdítását.</li>\n<li><strong> Globalizáció helyett lokalizációt!</strong> Ösztönözni kívánják a helyi és országos önrendelkezés és önellátás erősítését, illetve a globális turizmusban, kereskedelemben és termelési láncban való részvétel csökkentését.</li>\n<li><strong> Felelős vállalatokat és pénzrendszerváltást!</strong>Sürgetik a vállalatok és a bankok túlzott befolyásának csökkentését és elszámoltathatóságuk növelését, a családi és közösségi gazdálkodás előtérbe helyezését.</li>\n<li><strong> A gondolkodás és az erkölcs megújulását!</strong>Fontosnak tartják a szemléleti változást, hogy a boldogságot a kényelem és a fogyasztás helyett a szeretetben és az igazságosságban keressük. Elvárják, hogy a politika és a gazdaság az erkölcsre, az igazmondásra és az együttműködésre épüljön, a társadalom aktív bevonásával.</li>\n</ol>\n<p><strong>A petíciót a Magyar Természetvédők Szövetsége honlapján <a href=\"https://mtvsz.hu/peticiok/eletigenlo-tarsadalmat-es-gazdasagot\">itt</a> lehet </strong><strong>aláírni</strong>.</p>\n<p><a href=\"https://mtvsz.hu/eletigenlo-tarsadalmat-es-gazdasagot-elso-szaz-alairo\">Az első száz aláíró</a> között van a Magyarországi Evangélikus Egyház részéről dr. Fabiny Tamás, elnök-püspök, Béres Tamás, egyetemi tanár és Koltai Zsuzsa, az Ararát Teremtésvédelmi Munkaág koordinátora. Az aláírást az Ararát Munkacsoport kollektívája támogatja és ajánlja.</p>\n<p>A teljes javaslatcsomagot a Magyar Természetvédők Szövetsége <a href=\"https://mtvsz.hu/uploads/files/MTVSZ_eletigenlo_gazdasagert_javaslatok_2020.pdf\">itt</a> tette közzé.</p>', '2020-08-23', '11'),
('12', 'Teremtésvédelmi tanítási segédanyag az Ignáci Pedagógiai Műhelytől', 'jogyak_04_ignaci.jpg', '[\"jógyakorlat\", \"segédanyag\", \"oktatás\"]', 'Az Ignáci Pedagógiai Műhely gondozásában megjelent Domaniczky Orsolya és Kuslits Béla: Megújítod a Föld színét című teremtésvédelmi módszertani kiadványa.', '<p>“A középiskolás korosztály számára készült, az ignáci lelkiség hagyományának talaján álló lelki eszközkészlet sok és sokféle gyakorlatot tartalmaz, melyek rugalmasan alakíthatók a résztvevő diákok igényei és lelkiségi tapasztalatai szerint. A játékok, szentírási részek, elmélkedések, vezetett meditációk, gyakorlatok és imák a spirituális munka mellett a résztvevők ökológiai érzékenységét, reflexióját is fejlesztik. A kötetet ajánljuk elsősorban középiskolai tanároknak és gimnazista korú fiatalokkal foglalkozó ifjúsági vezetőknek.”</p>\n<p>A kiadvány az Ignáci Pedagógiai Műhely honlapjáról ingyenesen letölthető:</p>\n<p><a href=\"http://ignacipedagogia.hu/megujitod/\">http://ignacipedagogia.hu/megujitod/</a></p>', '2020-08-23', '12'),
('13', 'Húsvét odafigyeléssel', 'jogyak_05_husvet.jpg', '[\"jógyakorlat\", \"segédanyag\", \"mindenki\"]', 'Az idei húsvét sok szempontból más lesz, mint korábbi éveink ünnepei. Zárva maradnak a templomaink. Nem gyűlünk össze közeli-távoli rokonainkkal, barátainkkal, szeretteinkkel. Nem tudunk élesztőt venni a húsvéti kalácshoz, és az élelmiszerek beszerzésekor sem biztos, hogy azt találjuk, amit keresünk.', '<p>Egy viszont biztos: ez a Húsvét is Húsvét, és ez az ünnep is Jézus Krisztus feltámadásának ünnepe! Az emberiség számára a felebaráti szeretet fontosságát tanító Jézus feltámadását idén is ünnepelhetjük méltó módon.</p>\n<p>Az alábbiakban ötletgyűjteményünket adjuk közre, mely reméljük a kialakult helyzetben segítség lehet a „közös ünneplés” új és felelősségteljes formáinak keresésében.</p>\n<p>Ünnepeljük otthon, ünnepeljük odafigyeléssel, ünnepeljük körültekintő hálaadással!</p>\n<p><a href=\"https://drive.google.com/file/d/12H7eY_xEoz1xP8xm_3HVgvji4TT_1tsi/view\">Segédanyagunk ide kattintva elérhető.</a></p>', '2020-08-23', '13');

INSERT INTO `meet_question_categories` (`id`, `name`, `order`, `has_instances`, `description`, `condition_question_option_id`) VALUES
('1', 'A', '1', '0', 'At nos hinc posthac, sitientis piros Afros. Morbi fringilla convallis sapien, id pulvinar odio volutpat. Ab illo tempore, ab est sed immemorabili.', NULL),
('2', 'B', '2', '0', NULL, NULL),
('3', 'C', '3', '0', NULL, NULL),
('4', 'D', '4', '0', NULL, NULL),
('5', 'E', '6', '0', NULL, NULL),
('6', 'Épületekre vonatkozó információ', '5', '1', 'Válassza ki az épületek számát', NULL);

INSERT INTO `meet_question_category_org_types` (`question_category_id`, `org_type_id`) VALUES
('1', '1'),
('1', '1301'),
('2', '1'),
('2', '1301'),
('3', '1'),
('3', '1301'),
('4', '1'),
('4', '1301'),
('5', '1'),
('5', '1301'),
('6', '1'),
('6', '1301');

INSERT INTO `meet_question_options` (`id`, `question_id`, `name`, `order`, `is_off_option`, `is_custom_input`, `description`) VALUES
('1', '72', 'Havonta legalább egyszer', '1', '0', '0', 'Fictum, deserunt mollit anim laborum astutumque!'),
('2', '72', 'Évente legalább egyszer', '2', '0', '0', 'A communi observantia non est recedendum. Cum sociis natoque penatibus et magnis dis parturient. Curabitur est gravida et libero vitae dictum. Quisque ut dolor gravida, placerat libero vel, euismod.'),
('3', '72', 'Ritkábban', '3', '0', '0', NULL),
('4', '72', 'Nem', '4', '0', '0', NULL),
('5', '73', 'Havonta legalább egyszer', '1', '0', '0', NULL),
('6', '73', 'Évente legalább egyszer', '2', '0', '0', NULL),
('7', '73', 'Ritkábban', '3', '0', '0', NULL),
('8', '73', 'Nem', '4', '0', '0', NULL),
('9', '74', 'Évente többször', '1', '0', '0', NULL),
('10', '74', 'Évente legalább egyszer', '2', '0', '0', NULL),
('11', '74', 'Ritkábban', '3', '0', '0', NULL),
('12', '74', 'nem', '4', '0', '0', NULL),
('13', '74', 'Szabad beírás', '5', '0', '1', NULL),
('14', '75', 'Évente többször', '1', '0', '0', NULL),
('15', '75', 'Évente legalább egyszer', '2', '0', '0', NULL),
('16', '75', 'Ritkábban', '3', '0', '0', NULL),
('17', '75', 'nem', '4', '0', '0', NULL),
('18', '76', 'Évente többször', '1', '0', '0', NULL),
('19', '76', 'Évente legalább egyszer', '2', '0', '0', NULL),
('20', '76', 'Ritkábban', '3', '0', '0', NULL),
('21', '76', 'Nem', '4', '0', '0', NULL),
('22', '77', 'Évente többször', '1', '0', '0', NULL),
('23', '77', 'Évente legalább egyszer', '2', '0', '0', NULL),
('24', '77', 'Ritkábban', '3', '0', '0', NULL),
('25', '77', 'Nem', '4', '0', '0', NULL),
('26', '78', 'Havonta legalább egyszer', '1', '0', '0', NULL),
('27', '78', 'Évente legalább egyszer', '2', '0', '0', NULL),
('28', '78', 'Ritkábban', '3', '0', '0', NULL),
('29', '78', 'Nem', '4', '0', '0', NULL),
('30', '79', 'Évente többször', '1', '0', '0', NULL),
('31', '79', 'Évente legalább egyszer', '2', '0', '0', NULL),
('32', '79', 'Ritkábban', '3', '0', '0', NULL),
('33', '79', 'Nem', '4', '0', '0', NULL),
('34', '80', 'Szabad beírás', '1', '0', '1', NULL),
('35', '81', 'Évente többször', '1', '0', '0', NULL),
('36', '81', 'Évente legalább egyszer', '2', '0', '0', NULL),
('37', '81', 'Ritkábban', '3', '0', '0', NULL),
('38', '81', 'Nem', '4', '0', '0', NULL),
('39', '81', 'Szabad beírás', '5', '0', '1', NULL),
('40', '82', 'Évente többször', '1', '0', '0', NULL),
('41', '82', 'Évente legalább egyszer', '2', '0', '0', NULL),
('42', '82', 'Ritkábban', '3', '0', '0', NULL),
('43', '82', 'Nem', '4', '0', '0', NULL),
('44', '82', 'Szabad beírás', '5', '0', '1', NULL),
('45', '83', 'Évente többször', '1', '0', '0', NULL),
('46', '83', 'Évente legalább egyszer', '2', '0', '0', NULL),
('47', '83', 'Ritkábban', '3', '0', '0', NULL),
('48', '83', 'Nem', '4', '0', '0', NULL),
('49', '83', 'Szabad beírás', '5', '0', '1', NULL),
('50', '84', 'Rendszeresen', '1', '0', '0', NULL),
('51', '84', 'Alkalmanként', '2', '0', '0', NULL),
('52', '84', 'Nem', '3', '0', '0', NULL),
('53', '85', 'Igen', '1', '0', '0', NULL),
('54', '85', 'Nem', '2', '0', '0', NULL),
('55', '86', 'Igen', '1', '0', '0', NULL),
('56', '86', 'Nem', '2', '0', '0', NULL),
('57', '86', 'Szabad beírás', '3', '0', '1', NULL),
('58', '87', 'Igen', '1', '0', '0', NULL),
('59', '87', 'Nem', '2', '0', '0', NULL),
('60', '87', 'Nem vonatkozik ránk', '3', '0', '0', NULL),
('61', '88', 'Mindig', '1', '0', '0', NULL),
('62', '88', 'Gyakran', '2', '0', '0', NULL),
('63', '88', 'Néha', '3', '0', '0', NULL),
('64', '88', 'Nem', '4', '0', '0', NULL),
('65', '88', 'Nem vonatkozik ránk', '5', '0', '0', NULL),
('66', '89', 'Mindig', '1', '0', '0', NULL),
('67', '89', 'Gyakran', '2', '0', '0', NULL),
('68', '89', 'Néha', '3', '0', '0', NULL),
('69', '89', 'Nem', '4', '0', '0', NULL),
('70', '89', 'Nem vonatkozik ránk', '5', '0', '0', NULL),
('71', '90', 'Mindig', '1', '0', '0', NULL),
('72', '90', 'Gyakran', '2', '0', '0', NULL),
('73', '90', 'Néha', '3', '0', '0', NULL),
('74', '90', 'Nem', '4', '0', '0', NULL),
('75', '90', 'Nem vonatkozik ránk', '5', '0', '0', NULL),
('76', '91', 'Igen', '1', '0', '0', NULL),
('77', '91', 'Részben', '2', '0', '0', NULL),
('78', '91', 'Nem', '3', '0', '0', NULL),
('79', '92', 'Igen', '1', '0', '0', NULL),
('80', '92', 'Részben', '2', '0', '0', NULL),
('81', '92', 'Nem', '3', '0', '0', NULL),
('82', '92', 'Nem vonatkozik ránk', '4', '0', '0', NULL),
('83', '93', '…Kizárólag tartós anyagból készülnek', '1', '0', '0', NULL),
('84', '93', '…Többségében tartós anyagból készülnek', '2', '0', '0', NULL),
('85', '93', '…Egyszerhasználatos, biológiailag lebomlóak/komposztálhatóak', '3', '0', '0', NULL),
('86', '93', '…Egyszerhasználatos eldobhatóak', '4', '0', '0', NULL),
('87', '94', '…Kizárólag tartós anyagból készülnek', '1', '0', '0', NULL),
('88', '94', '…Többségében tartós anyagból készülnek', '2', '0', '0', NULL),
('89', '94', '…Egyszerhasználatos, biológiailag lebomlóak/komposztálhatóak', '3', '0', '0', NULL),
('90', '94', '…Egyszerhasználatos eldobhatóak', '4', '0', '0', NULL),
('91', '95', '…Kizárólag csomagolásmentesek, visszaváltható vagy újra felhasználható csomagolásúak (csapvíz, tea, betéti üveges ital, stb.)', '1', '0', '0', NULL),
('92', '95', '…Gyakran csomagolásmentesek, visszaváltható vagy újra felhasználható csomagolásúak', '2', '0', '0', NULL),
('93', '95', '…Újrahasznosított csomagolásúak (RePET palack', '3', '0', '0', NULL),
('94', '95', '…Egyszerhasználatos, eldobható csomagolásúak (PET palack, Tetrapack, üveg stb.)', '4', '0', '0', NULL),
('95', '96', 'Mindig', '1', '0', '0', NULL),
('96', '96', 'Gyakran', '2', '0', '0', NULL),
('97', '96', 'Néha', '3', '0', '0', NULL),
('98', '96', 'Nem', '4', '0', '0', NULL),
('99', '96', 'Nem vonatkozik ránk', '5', '0', '0', NULL),
('100', '97', 'Mindig', '1', '0', '0', NULL),
('101', '97', 'Gyakran', '2', '0', '0', NULL),
('102', '97', 'Néha', '3', '0', '0', NULL),
('103', '97', 'Nem', '4', '0', '0', NULL),
('104', '97', 'Nem vonatkozik ránk', '5', '0', '0', NULL),
('105', '98', 'Igen', '1', '0', '0', NULL),
('106', '98', 'Nem', '2', '0', '0', NULL),
('107', '99', 'Igen', '1', '0', '0', NULL),
('108', '99', 'Nem', '2', '0', '0', NULL),
('109', '100', 'Rendszeresen', '1', '0', '0', NULL),
('110', '100', 'Néha', '2', '0', '0', NULL),
('111', '100', 'Nem', '3', '0', '0', NULL),
('112', '101', 'Rendszeresen', '1', '0', '0', NULL),
('113', '101', 'Néha', '2', '0', '0', NULL),
('114', '101', 'Nem', '3', '0', '0', NULL),
('115', '102', 'Rendszeresen', '1', '0', '0', NULL),
('116', '102', 'Néha', '2', '0', '0', NULL),
('117', '102', 'Nem', '3', '0', '0', NULL),
('118', '103', 'Évente többször', '1', '0', '0', NULL),
('119', '103', 'Évente legalább egyszer', '2', '0', '0', NULL),
('120', '103', 'Ritkábban', '3', '0', '0', NULL),
('121', '103', 'Nem', '4', '0', '0', NULL),
('122', '103', 'Szabad beírás', '5', '0', '1', NULL),
('123', '104', 'Szabad beírás', '1', '0', '1', NULL),
('124', '105', 'Gyakran', '1', '0', '0', NULL),
('125', '105', 'Néha', '2', '0', '0', NULL),
('126', '105', 'Nem', '3', '0', '0', NULL),
('127', '106', 'Gyakran', '1', '0', '0', NULL),
('128', '106', 'Néha', '2', '0', '0', NULL),
('129', '106', 'Nem', '3', '0', '0', NULL),
('130', '107', 'Gyakran', '1', '0', '0', NULL),
('131', '107', 'Néha', '2', '0', '0', NULL),
('132', '107', 'Nem', '3', '0', '0', NULL),
('133', '107', 'Szabad beírás', '4', '0', '1', NULL),
('134', '108', 'Igen', '1', '0', '0', NULL),
('135', '108', 'Nem', '2', '0', '0', NULL),
('136', '109', 'Igen', '1', '0', '0', NULL),
('137', '109', 'Nem', '2', '0', '0', NULL),
('138', '110', 'Gyakran', '1', '0', '0', NULL),
('139', '110', 'Néha', '2', '0', '0', NULL),
('140', '110', 'Nem', '3', '0', '0', NULL),
('141', '111', 'Igen', '1', '0', '0', NULL),
('142', '111', 'Nem', '2', '0', '0', NULL),
('143', '112', 'Gyakran', '1', '0', '0', NULL),
('144', '112', 'Néha', '2', '0', '0', NULL),
('145', '112', 'Nem', '3', '0', '0', NULL),
('146', '113', 'Szabad beírás', '1', '0', '1', NULL),
('147', '114', 'Van', '1', '0', '0', NULL),
('148', '114', 'Nincs', '2', '0', '0', NULL),
('149', '115', 'Van', '1', '0', '0', NULL),
('150', '115', 'Nincs', '2', '0', '0', NULL),
('151', '116', 'Igen', '1', '0', '0', NULL),
('152', '116', 'Nem', '2', '0', '0', NULL),
('153', '117', 'Fal és mennyezet', '1', '0', '0', NULL),
('154', '117', 'Falak vagy mennyezet', '2', '0', '0', NULL),
('155', '117', 'Egyáltalán nem', '3', '0', '0', NULL),
('156', '117', 'Nem vonatkozik ránk', '4', '0', '0', NULL),
('157', '118', 'Mindenhol', '1', '0', '0', NULL),
('158', '118', 'Néhány ablak', '2', '0', '0', NULL),
('159', '118', 'Néhány ajtó', '3', '0', '0', NULL),
('160', '118', 'Egyik nyílászáró sem', '4', '0', '0', NULL),
('161', '118', 'Nem vonatkozik ránk', '5', '0', '0', NULL),
('162', '119', 'A+++/A++/A+', '1', '0', '0', NULL),
('163', '119', 'A/B', '2', '0', '0', NULL),
('164', '119', 'C/D', '3', '0', '0', NULL),
('165', '119', 'Nincs kazán/fűtés', '4', '0', '0', NULL),
('166', '119', 'Egyéb, éspedig… ', '5', '0', '0', NULL),
('167', '120', 'Csak LED és energiatakarékos izzó', '1', '0', '0', NULL),
('168', '120', 'LED + energiatakarékos izzók + izzószálas fényforrások', '2', '0', '0', NULL),
('169', '120', 'csak hagyományos izzók', '3', '0', '0', NULL),
('170', '120', 'Egyéb, éspedig… ', '4', '0', '0', NULL),
('171', '121', 'Igen', '1', '0', '0', NULL),
('172', '121', 'Nem', '2', '0', '0', NULL),
('173', '122', 'Igen', '1', '0', '0', NULL),
('174', '122', 'Nem', '2', '0', '0', NULL),
('175', '123', 'Igen', '1', '0', '0', NULL),
('176', '123', 'Nem', '2', '0', '0', NULL),
('177', '124', 'Igen', '1', '0', '0', NULL),
('178', '124', 'Nem', '2', '0', '0', NULL),
('179', '124', 'Nem vonatkozik ránk', '3', '0', '0', NULL),
('180', '125', 'Igen', '1', '0', '0', NULL),
('181', '125', 'Nem', '2', '0', '0', NULL),
('182', '126', 'Igen', '1', '0', '0', NULL),
('183', '126', 'Nem', '2', '0', '0', NULL),
('184', '127', 'Igen', '1', '0', '0', NULL),
('185', '127', 'Nem', '2', '0', '0', NULL),
('186', '128', 'Igen', '1', '0', '0', NULL),
('187', '128', 'Nem', '2', '0', '0', NULL),
('188', '129', 'Igen', '1', '0', '0', NULL),
('189', '129', 'Nem', '2', '0', '0', NULL),
('190', '130', 'Igen', '1', '0', '0', NULL),
('191', '130', 'Nem', '2', '0', '0', NULL),
('192', '131', 'Igen', '1', '0', '0', NULL),
('193', '131', 'Nem', '2', '0', '0', NULL),
('194', '132', 'Igen', '1', '0', '0', NULL),
('195', '132', 'Nem', '2', '0', '0', NULL),
('196', '133', 'Igen', '1', '0', '0', NULL),
('197', '133', 'Nem', '2', '0', '0', NULL),
('198', '134', 'Szabad beírás', '1', '0', '1', NULL),
('199', '135', 'Van', '1', '0', '0', NULL),
('200', '135', 'Nincs', '2', '0', '0', NULL),
('201', '136', 'Igen', '1', '0', '0', NULL),
('202', '136', 'Nem', '2', '0', '0', NULL),
('203', '137', 'Igen', '1', '0', '0', NULL),
('204', '137', 'Nem', '2', '0', '0', NULL),
('205', '137', 'Nincs rá hely', '3', '0', '0', NULL),
('206', '138', 'Igen', '1', '0', '0', NULL),
('207', '138', 'Nem', '2', '0', '0', NULL),
('208', '138', 'Nincs rá hely', '3', '0', '0', NULL),
('209', '139', 'Igen', '1', '0', '0', NULL),
('210', '139', 'Nem', '2', '0', '0', NULL),
('211', '139', 'Nincs rá hely', '3', '0', '0', NULL),
('212', '140', 'Igen', '1', '0', '0', NULL),
('213', '140', 'Nem', '2', '0', '0', NULL),
('214', '140', 'Nincs rá hely', '3', '0', '0', NULL),
('215', '141', 'Igen, helyben', '1', '0', '0', NULL),
('216', '141', 'Igen, máshol', '2', '0', '0', NULL),
('217', '141', 'Nem', '3', '0', '0', NULL),
('218', '142', 'Szabad beírás', '1', '0', '1', NULL);

INSERT INTO `meet_questions` (`id`, `name`, `order`, `description`, `question_category_id`) VALUES
('72', 'A vasárnapi istentiszteletek liturgiájában (szövegek, imádságok, énekek, stb.) vagy az oltár díszítésében megjelenik a teremtett világ iránti tisztelet.', '1', NULL, '1'),
('73', 'Az istentiszteleten, prédikációban a teremtett világ tiszteletéről szó esik.', '2', NULL, '1'),
('74', 'Bizonyos vasárnapi istentiszteleteket/alkalmakat konkrétan a teremtett világ tiszteletének (a teremtés hete, aratási hálaadás, stb.) szentelünk.', '3', NULL, '1'),
('75', 'A teremtésvédelem témaköre megjelenik a gyerekek hitoktatásában. (pl. gyermek bibliakör, nyári tábor, stb.)', '4', NULL, '1'),
('76', 'Az ifjúsági alkalmakon szó esik a teremtett világ tiszteletéről.', '5', NULL, '1'),
('77', 'A teremtésvédelem témája megjelenik a felnőttek alkalmain (bibliaóra, felnőtt hittan, baba-mama kör, tematikus alkalmak stb.).', '6', NULL, '1'),
('78', 'A teremtett világ tisztelete a gyülekezet hétköznapi alkalmain a közös imádságokban megjelenik.', '7', NULL, '1'),
('79', 'Gyülekezetünk vendégül lát környezetvédelemben jártas szakembereket, akik előadást tartanak.', '8', NULL, '1'),
('80', 'Sikerült-e megvalósítani valami mást gyülekezeti alkalmak keretében, amit érdemes lenne itt megemlíteni?', '9', NULL, '1'),
('81', 'Gyülekezetünk szervez érzékenyítő, szemléletformáló programokat környezeti témakörökben (pl. filmvetítés, foglalkozások, beszélgetések stb.).', '1', NULL, '2'),
('82', 'Gyülekezetünk szervez vagy részt vesz helyi közösségi akciókban (tavaszi takarítás, autómentes nap, szemétszedés stb.).', '2', NULL, '2'),
('83', 'Gyülekezetünk szabadtéri programokat is szervez (pl. természetjáró séták, túrák, biciklis kirándulások stb.).', '3', NULL, '2'),
('84', 'Gyülekezetünk együttműködik helyi környezetvédő szervezetekkel.', '4', NULL, '2'),
('85', 'Gyülekezetünk megszervezi vagy támogatja a közös autóhasználatot és a telekocsis rendszert.', '5', NULL, '2'),
('86', 'Gyülekezetünk törekszik a CO2 kibocsátás mérséklésére (például az autóhasználat és légiközlekedés igénybevételének gondos mérlegelésével), illetve kidolgozott módszereket a CO2 kibocsátás mérséklésére való ösztönzésre vagy a kibocsátás semlegesítésére.', '6', NULL, '2'),
('87', 'A gyülekezeti munka során igyekszünk csökkenteni a papírhasználatot, ahol csak lehetséges (e-mail üzenetváltás, digitális plakát, kétoldalas nyomtatás, stb.).', '7', NULL, '2'),
('88', 'A gyülekezeti munka során, amikor szükséges nyomtatni, újrahasznosított papírt használunk.', '8', NULL, '2'),
('89', 'Gondosan ügyelünk rá, hogy felelősségteljesen használjuk az internetet és tömörítsük a digitális adattárunkat.', '9', NULL, '2'),
('90', 'A gyülekezeti mellékhelyiségekben újrahasznosított WC-papírt használunk.', '10', NULL, '2'),
('91', 'A gyülekezeti helyiségekben környezetbarát tisztítószereket alkalmazunk.', '11', NULL, '2'),
('92', 'Gyülekezetünkben szelektíven gyűjtjük a hulladékot.', '12', NULL, '2'),
('93', 'A gyülekezetünkben használt étkező készletek és evőeszközök…', '13', NULL, '2'),
('94', 'A gyülekezetünkben használt poharak...', '14', NULL, '2'),
('95', 'A gyülekezetünk által szervezett szeretetvendégségeken, rendezvényeken kínált italok…', '15', NULL, '2'),
('96', 'A gyülekezetünk által rendezett szeretetvendégségek vagy közös étkezések során etikus gazdálkodásból származó, helyi termelőktől, biogazdasági termelőktől vagy állatbarát tenyésztésből vásárolt ételeket fogyasztunk.', '16', NULL, '2'),
('97', 'A gyülekezetünk által rendezett közös étkezések során biztosítunk vegetáriánus/vegán menüt.', '17', NULL, '2'),
('98', 'Gyülekezetünk az energiafelhasználás mérséklésére törekszik (például feliratokkal, amik emlékeztetnek a lámpa lekapcsolására, a vízcsap takarékos használatára stb.).', '18', NULL, '2'),
('99', 'Gyülekezetünk népszerűsíti és képviseli az egyházi teremtésvédelmi programot a helyi gyülekezetek és intézmények körében.', '19', NULL, '2'),
('100', 'Gyülekezetünk imába foglalja a helyi környezetvédelmi kihívásokat.', '20', NULL, '2'),
('101', 'Gyülekezetünk imádkozik, azokért a tőlünk távol eső közösségekért is, akiket a klímaváltozás és környezetkárosodás közvetlenül érint.', '21', NULL, '2'),
('102', 'Gyülekezetünk szervez vagy támogat jótékonysági akciókat.', '22', NULL, '2'),
('103', 'Gyülekezetünk is részt vesz nemzeti és nemzetközi környezetvédelmi vagy teremtésvédelmi kampányokban (Föld napja, mobilitási hét, fenntartható fejlődés hete, műanyagmentes július stb.…)', '23', NULL, '2'),
('104', 'Sikerült-e még valamit megvalósítani, amit érdemes lenne itt megemlíteni?', '24', NULL, '2'),
('105', 'Gyülekezetünk arra bátorítja tagjait, hogy csökkentsék az energiafogyasztásukat.', '1', NULL, '3'),
('106', 'Gyülekezetünk arra bátorítja tagjait, hogy mérsékeljék az általuk termelt hulladékot. Például azáltal, hogy követik az R6 szabályt: újra gondolják szükségleteiket, visszautasítják a szükségtelen vásárlást, csökkentik a feleslegessé váló tárgyak számát, újra felhasználják, megjavítják a dolgokat, újrahasznosítják a hulladékukat. (Rethink, Refuse, Reduce, Reuse, Repair, Recycle)', '2', NULL, '3'),
('107', 'Gyülekezetünk szervezője olyan foglalkozásoknak vagy eseményeknek, amelyeken lehetőség nyílik az újrafelhasználásra/újrahasznosításra (pl. garázsvásár, foltozóműhely, ruhacsere, célirányos kézműves foglalkozások stb.).', '3', NULL, '3'),
('108', 'Gyülekezetünk bátorítja és javasolja tagjainak a sétát és a biciklizést.', '4', NULL, '3'),
('109', 'Gyülekezetünk arra bátorítja tagjait, hogy csökkentsék vagy optimalizálják az autóhasználatot (például: autómegosztás, telekocsi rendszer stb.).', '5', NULL, '3'),
('110', 'Gyülekezetünk arra bátorítja tagjait, hogy helyi termelőktől, bio-, állatbarát és etikus kereskedelemből származó termékeket vásároljanak. (Esetleg ezeknek a beszerzéseknek megosztását megszervezzék.)', '6', NULL, '3'),
('111', 'Gyülekezetünk bátorítja tagjait személyes megtakarításuk etikus befektetésére.', '7', NULL, '3'),
('112', 'Gyülekezetünk hírlevelében, weboldalán és közösségi média felületein gyakorlati tanácsok és ösztönző gondolatok jelennek meg a teremtésvédelemről.', '8', NULL, '3'),
('113', 'Sikerült-e megvalósítani valami mást a szemléletformálás területén, amit érdemes lenne itt megemlíteni? …', '9', NULL, '3'),
('114', 'Van-e a gyülekezetnek saját tulajdonú épülete/épületei (templom, közösségi ház/terem, parókia, lelkészi hivatal, könyvtár, gyülekezeti vendégház…)?', '1', NULL, '4'),
('115', 'Van-e gyülekezet használatában más épület (pl. bérlemény)?', '2', NULL, '4'),
('116', 'Ezek közül bármelyik áll-e (műemlék)védelem alatt?', '3', NULL, '4'),
('117', 'Ez az épület/helyiség szigetelt.', '4', NULL, '6'),
('118', 'Van-e az épületben/helyiségben thermoüveg vagy szigetelt nyílászáró?', '5', NULL, '6'),
('119', 'Energiahatékonysági szempontok alapján ebben az épületben/helységben a fűtés/ kazán besorolása a következő (ha nincs ráírva, egy mérnök meg tudja állapítani):', '6', NULL, '6'),
('120', 'Milyen típusú fényforrásokkal történik a világítás ebben az épületben/helyiségben?', '7', NULL, '6'),
('121', 'A gyülekezet már nyomon követi a saját energiafogyasztását, tisztában van épületeinek energetikai besorolásával vagy kiszámolta saját épületeinek szén-dioxid lábnyomát.', '8', NULL, '6'),
('122', 'A gyülekezetnek már vannak elképzelései arról, hogy hogyan lehetne csökkenteni az épületeik szén-dioxid lábnyomának méretét és már javított energiahatékonyságán.', '9', NULL, '4'),
('123', 'Az épületek villamos energiája részben vagy kizárólag megújuló energiaforrásból származik vagy pedig az energia szolgáltató H-, Geo- vagy Zöld tarifájából.', '10', NULL, '4'),
('124', 'Gyülekezetünk már felvette a kapcsolatot a szakértőkkel, hogy tárgyaljon a szigetelés vagy a fűtés korszerűsítésének kérdéséről.', '11', NULL, '4'),
('125', 'Célunk, hogy csökkentsük a világítás által fogyasztott energiát gyülekezetünk épületeiben (például feliratok, önműködő kapcsoló szerkezetek segítségével).', '12', NULL, '4'),
('126', 'Minden nap végén/munkaszüneti napot megelőző utolsó munkanapon odafigyelünk rá, hogy az elektromos vízmelegítők és a lámpák le legyenek kapcsolva, amikor nincsenek használatban (pl. éjszaka, hétvégén).', '13', NULL, '4'),
('127', 'Tisztában vagyunk gyülekezetünk vízfogyasztásának mértékével, illetve figyelemmel követjük annak változását?', '14', NULL, '4'),
('128', 'Használunk olyan szerkezeteket, melyek gyülekezetünk vízfogyasztásának csökkentését segítik elő. (Például szabályozható WC-tartály, perlátor stb.)', '15', NULL, '4'),
('129', 'Van esővíz vagy szürkevíz gyűjtőnk (Például a WC-kben vagy öntözéskor eső- vagy szürkevizet használunk).', '16', NULL, '4'),
('130', 'Energiát megújuló forrásból termelünk (pl. napelemes vízmelegítő/napkollektor stb.).', '17', NULL, '4'),
('131', 'Van biciklitárolónk.', '18', NULL, '4'),
('132', 'Abban az esetben, ha gyülekezetünk jelentősebb beruházást tervez, figyelünk rá, hogy az épületenergetikai besorolás (176/2008. (VI.30) Korm.rendelet) követelményeit a beruházásra vonatkozó minimumnál magasabb kategóriában tudjuk teljesíteni.', '19', NULL, '4'),
('133', 'Amikor beruházást végzünk, meghallgatjuk olyan külső szakemberek és szolgáltatók tanácsait, akik a környezetre gyakorolt káros hatásokra tudnak rávilágítani.', '20', NULL, '4'),
('134', 'Sikerült megvalósítani valami mást az épületekben, amit érdemes lenne megemlíteni?', '21', NULL, '4'),
('135', 'Van-e a gyülekezetnek olyan külső területe, amelyen ő gazdálkodik?', '1', NULL, '5'),
('136', 'Gyülekezetünk törekszik arra, hogy ezen a területen növekedjen a biodiverzitás (például a különböző növényekkel való differenciált bánásmóddal, fészkelőhely és madáretető, rovarszálló, méhkaptár telepítésével stb.)', '2', NULL, '5'),
('137', 'Gyülekezetünk ültetett őshonos gyümölcsfát a tájfajta megőrzési program keretében.', '3', NULL, '5'),
('138', 'Ezen a földterületen van elkülönített helye a gyümölcs, -zöldség- és fűszernövény-termesztésnek?', '4', NULL, '5'),
('139', 'Gyülekezetünk telkének egy részét közösségi kertté alakította.', '5', NULL, '5'),
('140', 'Gyülekezetünk bátorítja tagjait, hogy a telekre tévedve gyönyörködjenek a természetben.', '6', NULL, '5'),
('141', 'Gyülekezetünk komposztálja a lebomló hulladékokat (virágok, ételmaradék, stb.).', '7', NULL, '5'),
('142', 'Sikerült-e még valamit megvalósítani a földterületeken, amit érdemes lenne itt megemlíteni?', '8', NULL, '5');



/*!40101 SET SQL_MODE=@OLD_SQL_MODE */;
/*!40014 SET FOREIGN_KEY_CHECKS=@OLD_FOREIGN_KEY_CHECKS */;
/*!40014 SET UNIQUE_CHECKS=@OLD_UNIQUE_CHECKS */;
/*!40101 SET CHARACTER_SET_CLIENT=@OLD_CHARACTER_SET_CLIENT */;
/*!40101 SET CHARACTER_SET_RESULTS=@OLD_CHARACTER_SET_RESULTS */;
/*!40101 SET COLLATION_CONNECTION=@OLD_COLLATION_CONNECTION */;
/*!40111 SET SQL_NOTES=@OLD_SQL_NOTES */;